a1,a2,q21,q23,k16_1,k16_2,k16_3,k16_4,k16_5,k16_6,k16_7,k16_8,k16_9,k16_10,k16_11,k16_12,k22,k23,d1,d2,d3_1,d3_2,d4,d10,d32,filter_$
3010,502,2,1, , , , , , , , , , , , ,1,2,1945,2,1,2,2,7,1,1
4012,841,1,1,3,3,3,1,3,3,3,3,3,3,3,3, , ,1939,2,1,2,5,8,1,0
4014,841,3,1, , , , , , , , , , , , ,3,2,1939,2,2,7,2,8,1,0
4018,841,2,1, , , , , , , , , , , , ,3,1,1939,1,1,2,2,7,1,1
4027,841,3,1, , , , , , , , , , , , ,2,1,1980,1,4,5,1,1,1,1
4032,841,3,2, , , , , , , , , , , , ,3,2,1963,2,2,2,2,1,1,1
4033,841,1,2,2,2,3,3,3,3,1,2,2,2,1,3, , ,1981,2,2,2,1,8,1,1
4036,841,1,2,3,3,3,1,3,3,2,1,1,3,3,3, , ,1946,1,1,7,1,8,1,0
4039,841,2,2, , , , , , , , , , , , ,2,2,1935,2,1,2,5,7,1,0
4045,841,2,2, , , , , , , , , , , , ,3,2,1972,2,2,3,4,9,2,0
5015,2209,3,2, , , , , , , , , , , , ,2,1,1991,1,4,7,1,4,1,0
5016,2209,2,3, , , , , , , , , , , , ,2,1,1991,1,1,2,1,1,1,1
5020,2209,3,3, , , , , , , , , , , , ,3,2,1990,2,4,2,1,1,1,1
5038,2209,3,1, , , , , , , , , , , , ,2,2,1943,2,4,6,1,7,1,0
5070,2209,3,1, , , , , , , , , , , , ,2,3,1954,1,2,2,1,1,1,0
5073,2209,3,1, , , , , , , , , , , , ,2,2,1951,2,4,3,2,1,1,1
5078,2209,3,1, , , , , , , , , , , , ,2,1,1965,2,4,6,2,1,1,0
7006,2383,2,1, , , , , , , , , , , , ,2,1,1947,2,2,6,2,8,1,1
7009,2383,2,1, , , , , , , , , , , , ,3,1,1936,1,1,2,2,7,1,1
7010,2383,2,1, , , , , , , , , , , , ,3,1,1940,1,2,3,2,7,1,0
7013,2383,2,1, , , , , , , , , , , , ,2,1,1931,1,2,2,2,7,1,0
7014,2383,2,1, , , , , , , , , , , , ,3,1,1932,1,2,3,2,7,1,1
7027,2383,1,2,2,2,3,3,3,2,3,2,3,3,1,3, , ,1981,2,2,2,3,11,1,0
7028,2383,3,1, , , , , , , , , , , , ,2,2,1952,2,2,2,4,1,1,0
7029,2383,2,1, , , , , , , , , , , , ,3,2,1944,2,2,2,2,7,1,0
7031,2383,1,3,2,2,3,3,3,1,2,4,3,3,1,3, , ,1991,1,2,1,1,6,1,1
7032,2383,3,1, , , , , , , , , , , , ,3,2,1948,2,2,7,4,1,1,1
7033,2383,2,1, , , , , , , , , , , , ,2,1,1965,1,2,7,1,5,1,0
7035,2383,1,3,3,3,3,3,3,1,1,1,3,3,1,3, , ,1990,1,2,2,3,5,1,0
7037,2383,3,1, , , , , , , , , , , , ,3,2,1921,1,1,3,2,7,1,1
7040,2383,2,1, , , , , , , , , , , , ,3,2,1920,2,1,7,5,7,1,1
12001,2533,2,1, , , , , , , , , , , , ,2,2,1938,2,1,2,5,7,1,1
12005,2533,3,1, , , , , , , , , , , , ,1,2,1943,2,4,4,5,7,1,1
12011,2533,1,2,2,2,3,3,3,2,2,1,1,2,2,1, , ,1986,1,2,3,1,1,2,1
12015,2533,3,1, , , , , , , , , , , , ,3,2,1953,1,2,2,1,5,1,0
12016,2533,2,1, , , , , , , , , , , , ,3,1,1959,2,2,2,3,1,1,0
12017,2533,3,1, , , , , , , , , , , , ,3,1,1949,1,2,2,3,1,1,0
12019,2533,2,1, , , , , , , , , , , , ,2,2,1960,1,2,7,3,1,1,1
12020,2533,2,1, , , , , , , , , , , , ,3,1,1948,2,2,2,1,5,2,1
12021,2533,1,3,3,3,1,3,3,2,2,2,2,3,3,3, , ,1990,2,2,1,1,6,1,0
12023,2533,6,3, , , , , , , , , , , , , , ,1959,2,1,4,5,1,1,1
28005,3364,1,2,3,1,3,3,4,1,1,1,1,1,4,3, , ,1975,1,2,2,1,5,2,1
28007,3364,2,1, , , , , , , , , , , , ,3,1,1954,1,2,2,2,9,1,1
28012,3364,2,1, , , , , , , , , , , , ,3,1,1958,2,2,2,2,5,2,1
28016,3364,2,1, , , , , , , , , , , , ,3,1,1950,1,1,2,3,5,2,1
28018,3364,2,1, , , , , , , , , , , , ,3,2,1946,1,1,7,5,7,1,1
28022,3364,2,1, , , , , , , , , , , , ,3,1,1947,1,1,2,4,8,1,0
28023,3364,3,1, , , , , , , , , , , , ,4,1,1963,1,2,6,4,3,1,1
29003,3367,1,2,3,3,3,3,3,3,3,3,3,3,3,3, , ,1978,2,2,2,4,5,2,0
29010,3367,2,1, , , , , , , , , , , , ,2,1,1932,2,1,7,5,8,1,1
29014,3367,1,3,3,3,3,3,3,1,1,1,1,3,1,3, , ,1989,1,4,3,1,1,2,1
29018,3367,2,1, , , , , , , , , , , , ,3,2,1958,2,4,2,2,2,1,1
29027,3367,3,1, , , , , , , , , , , , ,2,2,1955,1,4,3,2,1,1,1
30008,3394,2,1, , , , , , , , , , , , ,3,1,1926,2,1,7,5,7,1,0
30009,3394,1,2,3,3,3,3,3,1,1,1,1,1,1,2, , ,1947,2,2,2,2,8,1,1
30010,3394,2,1, , , , , , , , , , , , ,1,1,1945,2,3,2,2,8,1,1
30014,3394,1,1,3,2,3,3,3,3,1,1,1,1,2,1, , ,1934,1,1,7,4,7,1,0
30015,3394,2,1, , , , , , , , , , , , ,1,1,1930,1,1,7,2,7,1,0
30018,3394,2,1, , , , , , , , , , , , ,1,2,1963,2,2,3,4,2,1,1
30019,3394,3,1, , , , , , , , , , , , ,3,2,1949,1,3,3,1,8,1,1
31029,3450,1,2,3,3,3,3,3,1,1,3,1,3,1,3, , ,1970,1,4,2,2,1,1,0
32019,3458,3,2, , , , , , , , , , , , ,3,2,1934,2,1,7,5,7,1,1
33005,3485,2,2, , , , , , , , , , , , ,3,1,1935,1,2,3,2,7,1,1
34017,3491,1,1,3,3,3,1,3,3,3,3,3,3,3,3, , ,1936,1,1,3,2,7,1,1
42006,3745,3,1, , , , , , , , , , , , ,2,1,1982,1,4,3,2,1,1,1
42007,3745,3,1, , , , , , , , , , , , ,3,2,1937,1,2,3,2,7,1,1
42010,3745,3,1, , , , , , , , , , , , ,2,1,1966,1,2,3,2,1,2,1
42015,3745,1,1,1,3,3,3,3,3,2,3,2,2,2,3, , ,1971,2,2,2,2,2,1,1
42017,3745,3,1, , , , , , , , , , , , ,3,2,1925,1,1,3,2,7,1,1
42018,3745,1,1,1,1,3,3,3,2,2,2,2,2,2,3, , ,1958,2,1,2,4,1,1,1
42021,3745,3,1, , , , , , , , , , , , ,2,1,1986,2,4,3,1,1,1,1
42022,3745,2,1, , , , , , , , , , , , ,3,2,1934,2,2,3,5,7,1,1
42030,3745,1,3,3,3,3,3,3,2,1,2,2,3,1,3, , ,1990,2,4,4,1,6,1,1
42035,3745,1,2,2,2,3,3,3,1,1,1,2,3,1,3, , ,1977,2,2,3,2,2,2,1
42054,3745,1,2,4,2,3,3,3,2,2,2,2,4,4,2, , ,1976,1,2,4,2,1,1,1
62001,4097,1,2,3,3,3,3,3,1,2,3,2,3,1,3, , ,1955,1,2,2,1,1,1,1
62002,4097,2,1, , , , , , , , , , , , ,2,2,1946,2,4,6,1,7,1,0
62004,4097,2,1, , , , , , , , , , , , ,3,1,1950,2,4,6,4,3,1,1
65003,4139,1,3,3,2,3,3,3,2,2,2,1,3,1,3, , ,1992,2,3,7,1,6,1,1
65005,4139,2,1, , , , , , , , , , , , ,3,1,1938,1,1,7,2,7,1,0
65006,4139,1,2,3,3,3,3,3,2,1,1,1,3,1,2, , ,1986,1,2,2,1,1,1,1
65007,4139,1,2,2,2,3,3,3,2,2,2,3,3,2,3, , ,1970,2,2,2,3,8,1,1
65010,4139,1,2,3,3,3,2,3,2,2,2,3,3,2,3, , ,1944,2,2,7,5,8,1,1
88001,5351,3,1, , , , , , , , , , , , ,3,1,1931,1,1,7,2,7,1,1
88002,5351,2,1, , , , , , , , , , , , ,3,1,1952,1,4,3,4,8,1,1
114006,5377,2,3, , , , , , , , , , , , ,3,1,1989,1,2,2,2,1,1,0
114014,5377,3,1, , , , , , , , , , , , ,2,2,1950,2,2,2,2,8,1,1
189098,3923,2,1, , , , , , , , , , , , ,2,2,1986,1,4,5,1,3,1,1
189099,3923,3,1, , , , , , , , , , , , ,3,1,1973,2,4,6,2,1,1,0
197014,5460,3,1, , , , , , , , , , , , ,3,2,1945,2,1,2,5,7,1,0
197015,5460,3,1, , , , , , , , , , , , ,3,1,1976,1,4,6,3,1,1,1
197019,5460,3,1, , , , , , , , , , , , ,3,1,1960,1,2,3,2,1,1,0
214001,5477,2,1, , , , , , , , , , , , ,4,3,1984,2,4,5,2,9,2,0
214002,5477,3,3, , , , , , , , , , , , ,3,1,1989,1,4,7,1,6,1,1
214003,5477,1,1,1,1,3,3,3,3,2,2,3,3,3,3, , ,1986,1,4,6,1,6,1,1
214007,5477,2,1, , , , , , , , , , , , ,3,1,1961,1,4,6,2,1,1,0
214008,5477,3,1, , , , , , , , , , , , ,3,2,1936,2,1,7,5,7,1,1
214011,5477,2,8, , , , , , , , , , , , ,3,1,1967,2,4,6,1,5,2,0
214016,5477,2,1, , , , , , , , , , , , ,3,1,1949,2,4,7,2,1,1,1
214017,5477,3,1, , , , , , , , , , , , ,3,2,1958,1,4,2,1,5,2,0
214018,5477,3,1, , , , , , , , , , , , ,3,1,1929,1,1,7,2,7,1,0
214022,5477,2,1, , , , , , , , , , , , ,2,1,1987,1,4,4,1,6,1,0
214023,5477,3,1, , , , , , , , , , , , ,3,1,1968,1,4,6,2,1,1,1
302006,5565,1,2,3,3,3,3,1,1,2,2,2,2,2,3, , ,1984,1,1,2,3,1,1,1
302007,5565,3,2, , , , , , , , , , , , ,1,2,1987,2,2,2,1,1,2,1
302010,5565,2,1, , , , , , , , , , , , ,3,2,1956,1,2,3,4,1,1,1
365016,5628,2,1, , , , , , , , , , , , ,2,2,1963,1,2,2,2,5,2,0
412005,5675,2,1, , , , , , , , , , , , ,1,1,1949,1,1,7,3,8,2,0
419003,5762,2,1, , , , , , , , , , , , ,2,1,1937,1,4,6,1,7,1,0
438017,5701,2,1, , , , , , , , , , , , ,3,2,1943,2,2,2,3,7,1,1
438018,5701,2,1, , , , , , , , , , , , ,2,1,1959,1,2,7,1,8,1,1
454004,5717,2,1, , , , , , , , , , , , ,2,1,1942,1,4,6,2,7,1,0
454007,5717,2,2, , , , , , , , , , , , ,3,2,1956,1,1,2,1,1,2,1
454008,5717,2,1, , , , , , , , , , , , ,3,2,1945,2,2,2,2,7,1,1
473003,228,3,3, , , , , , , , , , , , ,2,2,1989,1,2,2,1,6,1,1
473016,228,3,1, , , , , , , , , , , , ,3,2,1947,2,2,2,4,7,2,1
478005,5741,3,1, , , , , , , , , , , , ,1,2,1982,1,4,4,1,1,1,1
478006,5741,3,1, , , , , , , , , , , , ,3,2,1937,2,1,7,2,7,1,1
478008,5741,3,8, , , , , , , , , , , , ,3,1,1965,2,4,3,2,1,1,1
480016,2209,2,1, , , , , , , , , , , , ,3,2,1985,2,4,6,1,6,2,0
480019,2209,3,1, , , , , , , , , , , , ,3,2,1988,2,4,1,3,6,1,1
480024,2209,2,1, , , , , , , , , , , , ,3,1,1943,2,2,2,4,7,1,1
480035,2209,3,1, , , , , , , , , , , , ,3,1,1960,2,4,3,4,1,1,1
480037,2209,3,3, , , , , , , , , , , , ,4,2,1993,2,3,7,1,6,1,1
482001,228,3,3, , , , , , , , , , , , ,3,1,1990,1,4,7,1,1,2,1
482013,228,2,1, , , , , , , , , , , , ,1,1,1948,2,4,6,2,7,1,1
482014,228,2,1, , , , , , , , , , , , ,4,1,1962,2,4,6,3,1,1,1
482022,228,2,1, , , , , , , , , , , , ,3,1,1939,2,2,3,4,7,1,1
482031,228,3,1, , , , , , , , , , , , ,3,1,1944,1,2,4,1,7,1,1
482034,228,1,2,3,1,3,3,3,3,3,3,2,3,3,3, , ,1968,1,2,7,1,8,1,1
488001,5751,3,1, , , , , , , , , , , , ,4,1,1927,1,1,7,1,8,1,1
498006,5761,1,2,3,3,1,3,4,3,3,3,3,3,3,3, , ,1944,2,1,2,1,9,1,0
498012,5761,2,1, , , , , , , , , , , , ,2,1,1979,1,2,2,1,5,2,1
520001,5783,3,1, , , , , , , , , , , , ,1,1,1974,1,4,3,2,1,1,1
520002,5783,3,1, , , , , , , , , , , , ,3,2,1939,2,4,3,4,7,1,0
520003,5783,3,1, , , , , , , , , , , , ,3,1,1920,2,2,7,5,7,1,0
521003,5784,3,2, , , , , , , , , , , , ,3,1,1934,1,2,4,5,7,1,1
521009,5784,3,1, , , , , , , , , , , , ,3,1,1941,1,1,7,1,7,1,1
521011,5784,3,1, , , , , , , , , , , , ,3,1,1955,1,4,5,2,1,1,1
521012,5784,3,1, , , , , , , , , , , , ,2,3,1956,1,4,5,2,1,1,1
524002,5787,2,1, , , , , , , , , , , , ,2,1,1953,1,2,2,2,1,1,0
524005,5787,3,2, , , , , , , , , , , , ,3,1,1969,1,2,2,2,2,1,1
524007,5787,3,1, , , , , , , , , , , , ,3,2,1988,2,2,2,2,11,1,0
524009,5787,3,1, , , , , , , , , , , , ,3,1,1986,1,2,2,2,1,1,0
525002,5788,1,2,3,3,3,3,3,3,1,3,2,3,2,3, , ,1943,2,1,7,5,7,1,1
525004,5788,1,2,3,3,3,3,3,3,2,3,3,3,1,3, , ,1971,2,2,7,4,5,2,1
525006,5788,2,1, , , , , , , , , , , , ,3,2,1928,2,2,4,5,7,1,0
525007,5788,1,1,3,1,3,3,3,3,3,3,3,3,3,3, , ,1928,1,2,6,5,7,1,1
526009,5789,3,1, , , , , , , , , , , , ,3,2,1932,2,2,7,5,7,1,0
526012,5789,1,1,3,3,1,3,3,3,3,3,3,3,3,3, , ,1938,2,2,2,2,1,1,0
526022,5789,2,1, , , , , , , , , , , , ,3,2,1941,2,1,2,5,7,1,1
62003,4097,3,1, , , , , , , , , , , , ,3,1,1965,1,4,6,2,1,1,1
62006,4097,3,1, , , , , , , , , , , , ,3,1,1947,1,4,3,4,1,1,0
102011,5365,2,1, , , , , , , , , , , , ,3,1,1928,1,1,7,5,7,1,0
102016,5365,3,1, , , , , , , , , , , , ,3,1,1948,2,2,2,4,7,1,1
14007,2736,2,2, , , , , , , , , , , , ,2,1,1945,2,4,6,1,7,1,1
14009,2736,3,1, , , , , , , , , , , , ,2,1,1980,2,2,5,1,1,1,0
189001,5452,1,1,3,3,3,3,3,3,3,3,3,3,3,3, , ,1921,2,1,5,5,7,1,1
189002,5452,2,1, , , , , , , , , , , , ,3,1,1988,2,2,1,1,6,1,1
189007,5452,2,1, , , , , , , , , , , , ,3,2,1919,1,1,7,2,7,1,0
189009,5452,2,1, , , , , , , , , , , , ,3,1,1922,2,2,2,5,7,1,1
189015,5452,2,1, , , , , , , , , , , , ,4,2,1967,1,1,2,1,1,1,0
189017,5452,3,1, , , , , , , , , , , , ,3,2,1937,2,2,3,1,7,1,1
189018,5452,1,3,2,2,1,3,3,2,4,2,2,3,2,2, , ,1991,1,2,2,1,1,2,0
189019,5452,2,1, , , , , , , , , , , , ,3,2,1982,2,4,4,3,6,2,1
189027,5452,2,1, , , , , , , , , , , , ,3,2,1930,1,4,6,2,7,1,1
197011,5460,3,3, , , , , , , , , , , , ,3,2,1988,1,1,2,1,1,1,0
197017,5460,2,1, , , , , , , , , , , , ,3,2,1933,2,1,7,2,7,1,0
197019,5460,2,1, , , , , , , , , , , , ,3,2,1938,2,1,7,3,7,1,0
197025,5460,1,3,3,3,3,3,2,1,1,1,1,3,3,3, , ,1990,2,2,3,3,7,1,1
197027,5460,3,1, , , , , , , , , , , , ,3,2,1939,2,1,7,5,7,1,1
197033,5460,6,3, , , , , , , , , , , , , , ,1990,1,2,3,1,1,2,0
197039,5460,2,1, , , , , , , , , , , , ,3,1,1935,1,1,3,2,7,1,0
480001,2209,2,2, , , , , , , , , , , , ,3,1,1934,2,1,1,1,7,1,1
480002,2209,2,1, , , , , , , , , , , , ,2,3,1971,1,4,4,1,6,1,1
480004,2209,1,2,3,3,3,3,3,1,1,1,1,1,3,1, , ,1954,1,1,2,4,1,1,0
480005,2209,2,1, , , , , , , , , , , , ,1,1,1954,1,4,6,4,1,1,0
480013,2209,3,1, , , , , , , , , , , , ,4,1,1966,1,2,2,2,1,1,1
480012,2209,2,1, , , , , , , , , , , , ,1,2,1982,1,4,5,1,1,1,1
480011,2209,3,1, , , , , , , , , , , , ,2,1,1982,2,4,6,1,6,1,1
480010,2209,2,1, , , , , , , , , , , , ,2,1,1952,2,4,5,4,1,1,1
5079,2209,2,1, , , , , , , , , , , , ,3,2,1948,2,2,2,2,8,1,0
480009,2209,2,1, , , , , , , , , , , , ,2,2,1925,1,1,2,2,1,1,1
5046,2209,2,1, , , , , , , , , , , , ,3,1,1941,1,4,6,2,3,1,1
5045,2209,2,1, , , , , , , , , , , , ,3,1,1951,1,4,6,1,1,1,1
5044,2209,2,1, , , , , , , , , , , , ,3,2,1979,2,4,6,3,1,1,1
5043,2209,3,1, , , , , , , , , , , , ,3,1,1976,1,2,3,1,1,2,1
5036,2209,2,1, , , , , , , , , , , , ,2,1,1986,2,3,5,3,6,1,0
5042,2209,3,1, , , , , , , , , , , , ,2,2,1964,2,2,5,4,2,1,1
5039,2209,2,1, , , , , , , , , , , , ,3,1,1946,1,4,6,1,7,1,1
5040,2209,2,1, , , , , , , , , , , , ,3,2,1945,2,4,6,2,7,1,0
5031,2209,3,2, , , , , , , , , , , , ,3,2,1990,2,2,7,1,6,2,0
5041,2209,2,1, , , , , , , , , , , , ,2,2,1976,2,4,5,2,3,1,1
5037,2209,1,1,2,2,2,3,3,3,3,2,2,3,3,3, , ,1980,2,4,2,1,5,1,0
5033,2209,3,2, , , , , , , , , , , , ,2,1,1980,2,4,5,1,6,1,1
5032,2209,2,1, , , , , , , , , , , , ,3,1,1973,2,2,3,3,1,1,1
5030,2209,2,1, , , , , , , , , , , , ,2,2,1979,1,2,2,3,1,1,1
5029,2209,3,2, , , , , , , , , , , , ,2,1,1989,2,4,7,1,6,1,1
5027,2209,3,1, , , , , , , , , , , , ,2,2,1988,1,4,7,1,6,1,1
5028,2209,3,2, , , , , , , , , , , , ,1,2,1956,2,4,6,1,1,1,0
5026,2209,2,2, , , , , , , , , , , , ,2,2,1990,2,4,1,1,6,2,1
189029,5452,3,1, , , , , , , , , , , , ,3,1,1951,1,4,5,2,4,2,1
5024,2209,2,1, , , , , , , , , , , , ,2,1,1943,2,4,3,2,7,1,1
5023,2209,2,1, , , , , , , , , , , , ,3,2,1933,2,4,6,5,7,1,0
5022,2209,2,2, , , , , , , , , , , , ,2,1,1992,1,4,7,1,3,1,1
5021,2209,3,1, , , , , , , , , , , , ,2,2,1944,1,4,6,5,7,1,0
5019,2209,2,1, , , , , , , , , , , , ,3,1,1978,1,4,4,1,1,1,0
5018,2209,3,1, , , , , , , , , , , , ,4,2,1945,2,4,6,4,7,1,0
5017,2209,3,2, , , , , , , , , , , , ,3,1,1960,2,4,6,4,1,1,0
5014,2209,3,1, , , , , , , , , , , , ,3,1,1971,1,2,3,2,1,1,0
5012,2209,3,1, , , , , , , , , , , , ,3,2,1948,1,4,3,4,1,1,0
5013,2209,2,1, , , , , , , , , , , , ,3,1,1986,1,2,7,1,1,1,0
5011,2209,3,1, , , , , , , , , , , , ,3,1,1944,2,4,3,4,7,1,0
5010,2209,2,1, , , , , , , , , , , , ,2,2,1947,2,4,6,4,1,1,0
5009,2209,2,1, , , , , , , , , , , , ,3,1,1940,1,4,6,2,7,1,1
5008,2209,3,1, , , , , , , , , , , , ,2,2,1947,2,4,3,2,1,1,0
5007,2209,3,1, , , , , , , , , , , , ,2,1,1956,2,4,6,1,1,1,1
5006,2209,3,1, , , , , , , , , , , , ,2,1,1973,1,4,7,1,1,1,0
5005,2209,3,1, , , , , , , , , , , , ,3,1,1960,2,4,3,1,1,1,0
5003,2209,2,1, , , , , , , , , , , , ,1,1,1931,1,4,6,3,7,1,0
5004,2209,2,1, , , , , , , , , , , , ,1,1,1961,2,4,6,2,1,1,1
5002,2209,3,2, , , , , , , , , , , , ,3,2,1967,1,4,6,2,1,2,1
5001,2209,2,1, , , , , , , , , , , , ,3,1,1986,1,4,6,1,6,1,0
5068,2209,1,2,1,1,1,3,3,2,2,4,2,3,2,3, , ,1981,2,4,6,1,1,1,1
5063,2209,3,1, , , , , , , , , , , , ,2,1,1971,2,4,5,3,1,1,0
5067,2209,2,1, , , , , , , , , , , , ,3,1,1961,1,4,6,2,1,1,1
5064,2209,1,2,3,3,1,3,3,3,3,3,3,3,3,3, , ,1976,1,2,2,4,1,1,1
5062,2209,3,1, , , , , , , , , , , , ,3,1,1950,1,4,6,2,1,1,0
5060,2209,2,1, , , , , , , , , , , , ,3,1,1982,1,4,6,1,1,1,0
5059,2209,3,1, , , , , , , , , , , , ,2,1,1966,1,4,6,1,3,2,1
5058,2209,2,1, , , , , , , , , , , , ,3,1,1962,2,4,6,1,5,2,0
5057,2209,2,1, , , , , , , , , , , , ,3,1,1968,1,4,5,4,6,1,1
5056,2209,2,1, , , , , , , , , , , , ,3,1,1935,1,2,3,2,7,1,0
5055,2209,3,1, , , , , , , , , , , , ,2,2,1967,1,4,6,3,1,1,1
5054,2209,3,1, , , , , , , , , , , , ,2,1,1964,2,4,6,3,1,1,0
5053,2209,2,1, , , , , , , , , , , , ,3,1,1959,1,4,6,2,1,1,0
5052,2209,1,1,3,3,3,3,3,3,3,3,2,3,3,2, , ,1944,1,4,3,1,7,1,1
5051,2209,3,2, , , , , , , , , , , , ,2,2,1982,2,2,2,1,6,1,0
5050,2209,2,1, , , , , , , , , , , , ,2,2,1950,2,4,6,3,1,1,1
5049,2209,3,1, , , , , , , , , , , , ,2,2,1947,2,2,2,4,7,1,1
5065,2209,2,1, , , , , , , , , , , , ,2,1,1956,1,4,6,4,2,1,1
5048,2209,2,1, , , , , , , , , , , , ,3,1,1957,2,4,6,1,1,1,1
5047,2209,2,1, , , , , , , , , , , , ,2,1,1984,1,4,2,2,1,1,1
419002,5762,2,1, , , , , , , , , , , , ,3,1,1946,2,1,2,1,2,1,1
197090,5762,3,8, , , , , , , , , , , , ,2,2,1969,2,4,1,1,1,1,0
5071,2209,3,1, , , , , , , , , , , , ,2,1,1948,2,4,3,1,8,1,1
5069,2209,3,1, , , , , , , , , , , , ,1,2,1959,2,4,3,2,4,2,1
197096,5762,3,1, , , , , , , , , , , , ,2,2,1953,2,2,3,2,1,1,1
197095,5762,2,1, , , , , , , , , , , , ,3,1,1932,2,4,4,2,7,1,1
197094,5762,3,1, , , , , , , , , , , , ,2,1,1966,1,4,6,1,1,1,1
197093,5762,3,2, , , , , , , , , , , , ,1,1,1962,2,4,4,4,1,1,1
197092,5762,2,1, , , , , , , , , , , , ,3,1,1985,2,4,6,1,6,1,1
197091,5762,3,1, , , , , , , , , , , , ,2,2,1945,1,4,6,1,7,1,0
482028,228,2,1, , , , , , , , , , , , ,2,2,1961,2,4,6,1,8,1,0
482029,228,2,1, , , , , , , , , , , , ,3,2,1943,2,4,3,2,7,1,1
482030,228,2,1, , , , , , , , , , , , ,3,1,1945,1,2,2,1,7,1,0
 , , , , , , , , , , , , , , , , , , , , , , , , ,0
482033,228,3,1, , , , , , , , , , , , ,3,2,1955,1,2,3,4,5,2,1
482032,228,2,1, , , , , , , , , , , , ,2,2,1946,2,4,6,2,7,1,1
473001,228,2,1, , , , , , , , , , , , ,2,1,1966,1,4,6,2,1,1,1
473002,228,3,1, , , , , , , , , , , , ,3,2,1968,1,2,4,1,1,1,1
473005,228,2,1, , , , , , , , , , , , ,3,1,1957,2,2,3,4,1,1,0
482025,228,3,1, , , , , , , , , , , , ,3,1,1956,2,2,3,2,1,1,0
482024,228,2,3, , , , , , , , , , , , ,3,2,1990,2,4,4,1,2,1,1
482023,228,1,2,2,1,3,3,3,3,2,3,1,3,3,3, , ,1984,1,2,2,3,6,2,0
482021,228,3,1, , , , , , , , , , , , ,2,1,1983,1,4,5,3,1,1,1
482020,228,2,1, , , , , , , , , , , , ,2,1,1984,2,4,5,3,1,1,0
482019,228,3,1, , , , , , , , , , , , ,2,1,1983,2,2,5,3,1,1,0
482026,228,2,2, , , , , , , , , , , , ,2,1,1954,2,2,2,4,1,1,1
482027,228,3,1, , , , , , , , , , , , ,3,1,1951,1,4,3,2,1,1,0
482018,228,3,1, , , , , , , , , , , , ,2,1,1958,2,4,6,4,1,1,0
482017,228,2,1, , , , , , , , , , , , ,3,2,1966,2,4,6,2,1,1,1
482016,228,3,1, , , , , , , , , , , , ,3,1,1968,2,4,3,2,1,1,1
482015,228,2,1, , , , , , , , , , , , ,3,2,1964,1,4,3,1,5,2,0
482012,228,2,1, , , , , , , , , , , , ,2,1,1983,2,4,6,3,1,1,0
482011,228,2,1, , , , , , , , , , , , ,3,1,1958,1,4,7,1,1,1,1
482010,228,2,1, , , , , , , , , , , , ,3,2,1974,1,4,3,1,1,1,1
482009,228,2,1, , , , , , , , , , , , ,3,1,1958,2,2,2,4,3,2,1
482008,228,3,1, , , , , , , , , , , , ,2,1,1946,1,2,2,1,7,1,1
482007,228,3,1, , , , , , , , , , , , ,2,1,1962,1,4,6,2,1,1,0
482006,228,3,1, , , , , , , , , , , , ,4,1,1974,2,2,6,4,1,1,0
482005,228,3,1, , , , , , , , , , , , ,3,1,1950,1,1,2,2,1,1,0
473011,228,2,1, , , , , , , , , , , , ,3,1,1932,1,4,6,2,7,1,0
473009,228,2,1, , , , , , , , , , , , ,3,1,1946,1,2,3,2,8,1,1
473010,228,3,2, , , , , , , , , , , , ,2,1,1983,2,4,6,3,1,1,0
473008,228,2,1, , , , , , , , , , , , ,2,3,1979,1,4,6,1,1,1,1
473007,228,2,1, , , , , , , , , , , , ,3,2,1989,2,4,4,3,2,2,1
473006,228,1,2,3,3,1,3,3,3,3,3,1,3,3,3, , ,1945,2,1,2,5,7,1,0
482004,228,2,2, , , , , , , , , , , , ,1,2,1981,2,2,2,1,2,2,0
2001,228,3,1, , , , , , , , , , , , ,3,1,1971,2,4,3,2,1,1,0
482003,228,3,1, , , , , , , , , , , , ,3,1,1978,2,4,6,3,11,1,1
482002,228,3,1, , , , , , , , , , , , ,3,1,1966,2,4,6,4,1,1,0
498017,5761,5,8, , , , , , , , , , , , , , ,1967,2,1,7,6,1,1,0
498018,5761,2,1, , , , , , , , , , , , ,2,1,1941,1,2,2,2,7,1,0
498019,5761,3,1, , , , , , , , , , , , ,3,2,1953,1,1,2,2,1,1,0
498020,5761,1,1,3,3,1,3,3,3,3,3,3,3,3,3, , ,1977,1,4,4,2,1,1,1
498014,5761,1,2,4,4,4,4,4,4,4,4,4,4,4,4, , ,1955,2,1,2,6,1,1,0
498013,5761,3,1, , , , , , , , , , , , ,3,2,1932,2,1,2,2,7,1,1
498011,5761,1,3,1,1,3,3,3,2,3,3,1,3,3,3, , ,1989,2,2,2,1,5,2,1
498001,5761,2,1, , , , , , , , , , , , ,1,1,1943,2,1,2,2,7,1,1
498002,5761,2,1, , , , , , , , , , , , ,3,2,1941,2,1,2,2,7,1,0
498003,5761,3,3, , , , , , , , , , , , ,2,1,1990,1,2,7,1,6,2,1
498004,5761,2,1, , , , , , , , , , , , ,3,1,1955,1,1,7,4,6,2,1
498005,5761,2,3, , , , , , , , , , , , ,2,1,1991,1,2,7,1,1,1,0
498007,5761,1,3,3,3,1,3,3,2,3,2,2,3,3,3, , ,1990,1,2,7,1,5,2,1
498008,5761,3,1, , , , , , , , , , , , ,2,2,1988,2,4,4,1,1,1,0
498009,5761,2,3, , , , , , , , , , , , ,2,2,1991,2,2,1,1,6,1,1
498010,5761,2,1, , , , , , , , , , , , ,2,1,1950,2,4,6,1,8,1,1
498015,5761,2,1, , , , , , , , , , , , ,3,1,1985,1,4,6,4,6,1,1
498016,5761,2,1, , , , , , , , , , , , ,2,2,1955,2,2,3,2,1,1,1
438001,5701,2,1, , , , , , , , , , , , ,2,1,1962,2,4,6,1,6,1,0
438002,5701,3,1, , , , , , , , , , , , ,3,2,1957,1,2,2,2,1,1,1
438003,5701,1,1,2,2,1,3,3,3,1,2,1,1,1,1, , ,1983,2,2,3,3,1,2,1
438004,5701,2,1, , , , , , , , , , , , ,2,2,1953,2,1,7,2,1,1,1
438005,5701,2,1, , , , , , , , , , , , ,2,2,1978,1,4,6,1,6,1,0
438006,5701,2,1, , , , , , , , , , , , ,2,1,1956,1,4,6,4,5,2,0
438007,5701,2,1, , , , , , , , , , , , ,2,2,1961,1,2,3,3,8,1,1
438008,5701,3,1, , , , , , , , , , , , ,3,1,1957,2,1,3,2,1,1,0
438009,5701,2,1, , , , , , , , , , , , ,3,1,1938,1,4,6,2,7,1,0
438010,5701,3,8, , , , , , , , , , , , ,1,2,1975,2,4,7,1,5,2,1
438011,5701,3,1, , , , , , , , , , , , ,3,1,1944,2,2,2,5,7,1,1
438012,5701,3,1, , , , , , , , , , , , ,2,1,1975,2,2,5,1,1,1,1
 , , , , , , , , , , , , , , , , , , , , , , , , ,0
438014,5701,2,1, , , , , , , , , , , , ,2,1,1988,1,4,5,3,6,1,0
438015,5701,3,1, , , , , , , , , , , , ,2,2,1948,1,2,3,4,3,1,0
438016,5701,2,1, , , , , , , , , , , , ,2,1,1949,1,2,3,2,8,1,0
438019,5701,3,1, , , , , , , , , , , , ,2,2,1976,1,4,5,3,1,1,1
488014,5751,3,1, , , , , , , , , , , , ,1,1,1964,1,2,2,1,5,2,0
488016,5751,3,1, , , , , , , , , , , , ,2,1,1979,2,2,3,2,3,1,1
488015,5751,3,1, , , , , , , , , , , , ,3,2,1951,1,1,2,3,5,2,1
488013,5751,2,1, , , , , , , , , , , , ,3,2,1942,2,1,3,2,7,1,0
488011,5751,2,1, , , , , , , , , , , , ,1,1,1977,2,4,5,3,9,1,1
31030,3450,2,1, , , , , , , , , , , , ,3,2,1957,1,4,6,2,1,1,1
31028,3450,3,1, , , , , , , , , , , , ,2,2,1969,1,4,4,2,1,1,1
31021,3450,3,1, , , , , , , , , , , , ,3,1,1958,2,2,2,2,1,1,0
31025,3450,3,1, , , , , , , , , , , , ,2,2,1982,2,4,4,2,6,1,1
31027,3450,3,1, , , , , , , , , , , , ,3,1,1961,2,4,4,3,6,1,1
31026,3450,2,1, , , , , , , , , , , , ,3,1,1936,1,4,3,2,8,1,0
31024,3450,2,1, , , , , , , , , , , , ,3,1,1949,2,1,7,4,7,1,1
31023,3450,2,1, , , , , , , , , , , , ,3,2,1981,1,2,1,3,1,1,1
31022,3450,3,1, , , , , , , , , , , , ,3,1,1944,2,4,6,1,7,1,0
372020,5635,2,1, , , , , , , , , , , , ,3,1,1936,1,1,7,2,7,1,0
372019,5635,3,1, , , , , , , , , , , , ,2,1,1985,2,2,3,3,11,1,1
372018,5635,3,1, , , , , , , , , , , , ,3,2,1961,1,4,5,2,1,1,0
372017,5635,3,1, , , , , , , , , , , , ,2,1,1976,2,2,5,3,1,1,0
372016,5635,3,1, , , , , , , , , , , , ,3,1,1949,1,2,7,2,1,1,1
372015,5635,3,1, , , , , , , , , , , , ,3,1,1982,2,4,5,2,9,1,1
372014,5635,3,1, , , , , , , , , , , , ,2,1,1955,2,4,2,2,1,1,1
372013,5635,3,1, , , , , , , , , , , , ,2,1,1965,2,2,3,2,1,1,1
372012,5635,2,1, , , , , , , , , , , , ,3,1,1943,1,2,3,2,7,1,0
372011,5635,2,1, , , , , , , , , , , , ,3,1,1953,2,2,3,2,1,1,1
114015,5377,2,1, , , , , , , , , , , , ,3,2,1942,1,1,2,2,7,1,1
114013,5377,2,1, , , , , , , , , , , , ,1,1,1972,1,4,3,3,1,1,1
114016,5377,2,1, , , , , , , , , , , , ,3,1,1946,2,2,7,4,8,1,1
217021,5480,2,2, , , , , , , , , , , , ,3,1,1948,2,5,7,4,8,1,0
217022,5480,1,2,3,1,3,3,3,1,1,1,1,3,2,3, , ,1956,2,1,7,5,6,2,1
217023,5480,1,3,2,1,3,3,3,3,3,3,3,3,3,3, , ,1992,2,4,1,1,6,1,0
217024,5480,2,1, , , , , , , , , , , , ,2,1,1961,2,4,6,2,1,1,0
217025,5480,2,1, , , , , , , , , , , , ,3,2,1982,2,4,5,2,1,1,0
12030,2533,3,1, , , , , , , , , , , , ,3,1,1941,1,1,7,2,7,1,1
217026,5480,2,1, , , , , , , , , , , , ,2,1,1963,1,2,3,2,1,1,1
217027,5480,1,1,3,1,3,3,3,1,1,3,1,1,3,2, , ,1976,1,2,3,1,5,2,0
217028,5480,3,1, , , , , , , , , , , , ,2,2,1956,2,2,3,2,1,1,0
217029,5480,2,1, , , , , , , , , , , , ,3,1,1966,1,2,2,4,1,1,0
217030,5480,2,1, , , , , , , , , , , , ,3,2,1941,1,4,6,4,7,1,1
87031,5342,1,2,3,3,3,3,2,1,1,1,3,3,1,3, , ,1971,2,2,2,4,9,1,1
87030,5342,2,1, , , , , , , , , , , , ,3,2,1946,1,4,2,2,8,1,0
87029,5342,3,1, , , , , , , , , , , , ,1,1,1946,2,2,2,4,7,1,1
87028,5342,3,2, , , , , , , , , , , , ,3,1,1989,2,5,2,2,1,1,1
87027,5342,3,1, , , , , , , , , , , , ,2,2,1982,2,4,2,2,5,1,1
87026,5342,3,1, , , , , , , , , , , , ,2,1,1942,1,1,7,2,8,1,1
87025,5342,2,3, , , , , , , , , , , , ,3,2,1990,1,4,4,1,6,1,1
87024,5342,3,2, , , , , , , , , , , , ,3,1,1962,1,2,2,2,1,1,1
87023,5342,2,1, , , , , , , , , , , , ,2,1,1941,1,2,2,2,7,1,0
87022,5342,3,1, , , , , , , , , , , , ,2,2,1959,2,4,6,2,1,2,1
480007,2209,2,1, , , , , , , , , , , , ,3,2,1956,2,4,2,2,1,1,1
480003,2209,2,1, , , , , , , , , , , , ,2,2,1950,2,4,6,4,1,1,0
5077,2209,3,1, , , , , , , , , , , , ,3,2,1953,2,4,3,5,1,1,0
480006,2209,2,1, , , , , , , , , , , , ,3,2,1988,2,4,6,1,6,1,0
5076,2209,6,3, , , , , , , , , , , , , , ,1985,1,2,4,1,6,1,1
5075,2209,3,1, , , , , , , , , , , , ,3,1,1978,1,4,6,1,1,1,0
5074,2209,2,1, , , , , , , , , , , , ,2,2,1971,2,2,2,1,1,2,1
5072,2209,3,1, , , , , , , , , , , , ,3,1,1973,1,4,6,3,1,1,1
197099,5762,2,1, , , , , , , , , , , , ,2,1,1985,2,4,6,2,6,1,0
197097,5762,3,1, , , , , , , , , , , , ,1,1,1955,2,2,3,2,7,1,1
88011,5351,2,1, , , , , , , , , , , , ,3,1,1935,1,1,7,2,7,1,0
88010,5351,3,1, , , , , , , , , , , , ,1,1,1951,1,2,3,2,5,2,1
88008,5351,2,1, , , , , , , , , , , , ,3,1,1951,1,2,7,2,2,1,1
88007,5351,3,1, , , , , , , , , , , , ,2,1,1953,1,4,3,2,1,2,0
88006,5351,3,1, , , , , , , , , , , , ,3,1,1954,2,2,4,2,1,1,1
88005,5351,2,1, , , , , , , , , , , , ,2,2,1980,2,2,3,1,1,1,1
88004,5351,2,1, , , , , , , , , , , , ,3,1,1945,2,1,7,4,7,1,1
88003,5351,3,1, , , , , , , , , , , , ,3,2,1951,2,1,2,3,8,1,1
88009,5351,3,1, , , , , , , , , , , , ,2,2,1951,2,4,4,1,2,1,1
88015,5351,2,1, , , , , , , , , , , , ,3,1,1978,2,4,6,2,1,1,0
88016,5351,3,1, , , , , , , , , , , , ,2,1,1967,2,4,4,4,2,1,1
88014,5351,3,1, , , , , , , , , , , , ,2,1,1973,1,4,5,2,1,1,0
88013,5351,2,1, , , , , , , , , , , , ,2,1,1985,2,4,2,3,6,1,1
88012,5351,2,1, , , , , , , , , , , , ,3,1,1963,1,4,3,1,1,1,1
88020,5351,3,1, , , , , , , , , , , , ,2,1,1953,1,2,2,2,1,1,0
88019,5351,2,1, , , , , , , , , , , , ,2,2,1970,1,4,6,2,1,1,0
88018,5351,3,3, , , , , , , , , , , , ,2,2,1991,2,4,7,1,6,1,1
88017,5351,1,2,1,1,3,3,3,3,3,3,3,3,3,3, , ,1988,2,4,4,1,6,1,0
87021,5342,3,1, , , , , , , , , , , , ,3,2,1976,2,4,3,2,1,1,0
87020,5342,2,1, , , , , , , , , , , , ,3,1,1962,2,4,3,2,2,1,1
87019,5342,2,3, , , , , , , , , , , , ,3,1,1991,1,4,7,1,6,1,0
87018,5342,3,1, , , , , , , , , , , , ,2,2,1948,2,4,6,4,8,1,0
87017,5342,3,1, , , , , , , , , , , , ,3,1,1965,1,2,2,2,1,1,0
87016,5342,3,1, , , , , , , , , , , , ,3,1,1946,1,2,3,2,7,1,1
87015,5342,2,1, , , , , , , , , , , , ,3,1,1930,2,1,7,5,8,1,0
87014,5342,2,1, , , , , , , , , , , , ,3,1,1945,1,2,3,2,7,1,1
87013,5342,2,1, , , , , , , , , , , , ,2,2,1935,1,1,3,4,8,1,0
87012,5342,2,1, , , , , , , , , , , , ,3,2,1943,1,1,2,2,7,1,0
87011,5342,3,3, , , , , , , , , , , , ,2,1,1992,1,4,7,1,1,1,0
87010,5342,2,3, , , , , , , , , , , , ,3,2,1991,1,4,7,1,6,1,1
87009,5342,3,1, , , , , , , , , , , , ,3,1,1966,2,2,3,2,1,1,0
87008,5342,3,1, , , , , , , , , , , , ,2,1,1963,2,4,6,2,1,1,1
87007,5342,1,2,1,1,3,3,3,3,1,2,1,1,2,2, , ,1974,2,4,6,1,1,2,1
87006,5342,3,1, , , , , , , , , , , , ,3,1,1965,1,4,6,2,1,1,1
87004,5342,3,1, , , , , , , , , , , , ,3,2,1934,2,2,3,4,7,1,1
87003,5342,2,1, , , , , , , , , , , , ,2,2,1941,2,4,6,4,7,1,0
87002,5342,2,1, , , , , , , , , , , , ,2,1,1939,2,2,7,2,7,1,1
87001,5342,3,1, , , , , , , , , , , , ,3,1,1938,1,2,2,5,7,1,0
4059,841,2,1, , , , , , , , , , , , ,3,1,1983,1,2,4,3,1,1,1
4057,841,2,3, , , , , , , , , , , , ,3,1,1992,1,2,1,1,6,2,1
4055,841,1,1,3,3,2,3,3,3,3,3,3,3,3,3, , ,1954,2,2,4,3,8,1,1
4053,841,3,1, , , , , , , , , , , , ,2,1,1944,2,4,6,2,7,1,1
4048,841,3,1, , , , , , , , , , , , ,3,1,1986,2,4,5,1,1,1,1
4047,841,2,1, , , , , , , , , , , , ,3,2,1954,1,2,2,2,1,1,0
42053,3745,3,1, , , , , , , , , , , , ,3,1,1971,2,2,2,2,9,1,1
42052,3745,2,1, , , , , , , , , , , , ,2,1,1962,1,2,3,1,1,2,1
411003,5674,2,1, , , , , , , , , , , , ,3,1,1946,1,4,6,4,7,1,0
411002,5674,3,1, , , , , , , , , , , , ,1,1,1978,1,4,6,1,1,1,0
411001,5674,3,1, , , , , , , , , , , , ,3,2,1955,2,4,3,4,1,1,1
25004,3288,1,1,3,2,3,2,3,3,3,3,3,3,3,3, , ,1929,1,1,2,2,7,1,1
25001,3288,1,1,3,2,2,3,3,2,3,3,2,3,3,3, , ,1955,2,1,7,4,2,1,1
25002,3288,2,1, , , , , , , , , , , , ,3,1,1946,1,1,7,5,7,1,1
25003,3288,1,1,2,3,2,3,2,3,2,2,2,3,2,3, , ,1988,2,4,2,3,1,1,1
25016,3288,1,1,2,2,3,3,3,1,2,2,2,2,2,3, , ,1973,2,2,2,4,1,1,1
25005,3288,3,1, , , , , , , , , , , , ,3,1,1945,2,2,3,5,7,1,0
25007,3288,3,1, , , , , , , , , , , , ,1,1,1945,1,2,7,2,7,1,0
25008,3288,3,1, , , , , , , , , , , , ,1,1,1971,1,4,3,3,1,1,1
25009,3288,3,1, , , , , , , , , , , , ,2,1,1984,1,4,5,1,6,1,0
25010,3288,3,1, , , , , , , , , , , , ,1,1,1933,2,4,7,5,7,1,1
25011,3288,3,1, , , , , , , , , , , , ,2,2,1948,2,1,2,5,1,1,1
25012,3288,3,1, , , , , , , , , , , , ,3,2,1953,1,4,4,2,1,1,1
25013,3288,3,1, , , , , , , , , , , , ,1,1,1951,1,2,2,2,8,1,1
25014,3288,2,1, , , , , , , , , , , , ,3,1,1933,1,1,2,2,7,1,0
25015,3288,2,1, , , , , , , , , , , , ,3,1,1946,2,2,3,2,7,1,1
25017,3288,3,1, , , , , , , , , , , , ,3,1,1935,2,1,7,3,7,1,0
25018,3288,3,1, , , , , , , , , , , , ,3,1,1957,1,4,3,2,1,1,0
25019,3288,3,1, , , , , , , , , , , , ,1,1,1952,2,4,3,4,1,1,1
25020,3288,3,1, , , , , , , , , , , , ,2,2,1956,2,2,2,2,1,1,0
25021,3288,3,1, , , , , , , , , , , , ,1,2,1972,1,2,2,2,1,1,1
25022,3288,3,1, , , , , , , , , , , , ,3,1,1983,1,2,2,3,1,1,0
25023,3288,2,1, , , , , , , , , , , , ,3,2,1946,2,4,6,4,7,1,1
25024,3288,2,1, , , , , , , , , , , , ,3,2,1946,1,2,3,2,7,1,1
25025,3288,2,1, , , , , , , , , , , , ,2,1,1968,1,2,2,4,1,1,1
25026,3288,2,1, , , , , , , , , , , , ,2,2,1949,2,2,3,2,7,2,1
25027,3288,2,1, , , , , , , , , , , , ,3,1,1980,2,4,6,3,5,2,1
25028,3288,3,1, , , , , , , , , , , , ,2,2,1974,2,2,2,2,6,2,0
25029,3288,3,1, , , , , , , , , , , , ,2,1,1966,2,4,3,2,1,1,0
25030,3288,3,1, , , , , , , , , , , , ,3,2,1973,2,4,5,2,1,1,1
25031,3288,1,1,1,1,3,3,2,2,1,1,1,1,3,3, , ,1981,2,4,5,2,1,2,1
22001,3014,2,1, , , , , , , , , , , , ,3,1,1943,2,4,5,2,7,1,0
22002,3014,3,1, , , , , , , , , , , , ,3,2,1946,1,2,2,3,8,1,1
22003,3014,3,1, , , , , , , , , , , , ,3,1,1950,2,2,6,2,1,1,1
22004,3014,3,1, , , , , , , , , , , , ,2,1,1975,1,2,2,2,1,1,0
22005,3014,2,1, , , , , , , , , , , , ,2,2,1982,1,4,6,2,1,1,1
22006,3014,2,1, , , , , , , , , , , , ,2,1,1942,1,1,7,2,7,1,0
22007,3014,3,1, , , , , , , , , , , , ,3,2,1939,2,1,2,2,7,1,0
22008,3014,3,1, , , , , , , , , , , , ,1,1,1967,1,2,2,2,1,1,1
22009,3014,3,1, , , , , , , , , , , , ,3,2,1975,2,4,3,2,1,1,1
22010,3014,2,1, , , , , , , , , , , , ,2,2,1978,2,2,3,2,11,1,1
22011,3014,2,1, , , , , , , , , , , , ,3,2,1986,2,4,5,2,11,1,1
22012,3014,2,1, , , , , , , , , , , , ,2,1,1939,2,1,7,5,7,1,0
22013,3014,2,1, , , , , , , , , , , , ,3,1,1947,1,1,3,2,7,1,1
22014,3014,2,1, , , , , , , , , , , , ,2,1,1943,1,1,2,2,7,1,0
22015,3014,1,2,3,3,3,3,2,1,2,2,3,3,2,3, , ,1984,1,2,2,3,1,1,0
22016,3014,3,1, , , , , , , , , , , , ,3,1,1944,1,2,3,2,3,1,0
22017,3014,3,1, , , , , , , , , , , , ,3,2,1942,2,4,6,1,7,1,0
22018,3014,3,1, , , , , , , , , , , , ,3,2,1976,1,4,3,2,11,1,0
22019,3014,3,1, , , , , , , , , , , , ,3,2,1967,1,2,2,2,1,1,0
22020,3014,3,1, , , , , , , , , , , , ,3,1,1943,1,1,2,2,7,1,1
22021,3014,1,8,3,2,2,3,1,1,2,3,2,3,2,3, , ,1986,2,4,2,3,11,1,0
22022,3014,3,1, , , , , , , , , , , , ,3,1,1971,2,2,3,2,1,1,0
22023,3014,3,1, , , , , , , , , , , , ,1,2,1965,1,2,2,2,1,1,1
22024,3014,2,1, , , , , , , , , , , , ,3,2,1946,2,1,3,4,7,1,0
22025,3014,1,1,3,3,3,1,3,3,3,3,3,3,3,3, , ,1971,1,4,6,2,1,1,0
22026,3014,2,1, , , , , , , , , , , , ,3,1,1941,1,1,7,2,7,1,0
22027,3014,2,1, , , , , , , , , , , , ,3,1,1939,2,2,7,2,7,1,1
22028,3014,2,1, , , , , , , , , , , , ,2,1,1956,1,2,2,2,1,1,1
22029,3014,3,1, , , , , , , , , , , , ,2,1,1972,2,4,6,2,2,2,1
22030,3014,2,1, , , , , , , , , , , , ,2,1,1982,2,4,5,1,6,1,1
22031,3014,2,1, , , , , , , , , , , , ,2,2,1973,2,4,3,2,1,1,0
22032,3014,3,1, , , , , , , , , , , , ,3,1,1988,1,2,3,3,1,1,1
22033,3014,1,1,2,2,3,3,1,3,3,3,3,3,3,3, , ,1978,2,2,3,2,1,1,1
22034,3014,2,1, , , , , , , , , , , , ,3,2,1949,1,2,2,2,5,2,1
22035,3014,3,1, , , , , , , , , , , , ,2,1,1969,1,2,3,2,1,1,0
22036,3014,3,1, , , , , , , , , , , , ,2,1,1949,1,2,3,2,7,1,0
22037,3014,3,1, , , , , , , , , , , , ,3,1,1964,1,2,2,2,1,1,0
22038,3014,2,2, , , , , , , , , , , , ,3,2,1946,2,4,2,4,7,1,0
22039,3014,2,1, , , , , , , , , , , , ,2,2,1950,2,2,3,5,5,2,1
22040,3014,3,2, , , , , , , , , , , , ,3,1,1972,2,2,2,3,2,2,0
197001,5460,1,1,3,3,3,1,3,3,3,3,3,3,3,3, , ,1974,2,4,3,2,2,1,1
197002,5460,2,1, , , , , , , , , , , , ,3,1,1979,2,4,6,1,5,2,0
197003,5460,3,1, , , , , , , , , , , , ,3,2,1961,2,2,3,2,1,2,1
197004,5460,2,1, , , , , , , , , , , , ,3,1,1945,2,2,2,2,7,1,1
197005,5460,2,1, , , , , , , , , , , , ,3,1,1933,1,1,3,2,7,1,0
197006,5460,6,2, , , , , , , , , , , , , , ,1943,1,2,3,2,7,1,0
197007,5460,3,1, , , , , , , , , , , , ,3,2,1957,1,2,3,4,1,1,0
197008,5460,2,1, , , , , , , , , , , , ,1,1,1985,2,4,3,2,1,1,0
197009,5460,2,1, , , , , , , , , , , , ,3,1,1955,2,2,6,2,1,1,0
197010,5460,2,1, , , , , , , , , , , , ,3,1,1955,2,2,3,4,5,2,0
25033,3288,3,1, , , , , , , , , , , , ,3,1,1962,1,2,2,2,1,1,0
25032,3288,2,1, , , , , , , , , , , , ,3,1,1961,1,4,3,2,1,1,0
25034,3288,3,1, , , , , , , , , , , , ,3,2,1983,1,2,5,3,1,1,1
25035,3288,3,1, , , , , , , , , , , , ,2,2,1973,2,4,5,2,1,1,1
25036,3288,1,3,3,3,1,3,3,3,3,2,3,3,3,3, , ,1992,1,2,1,1,6,1,1
25037,3288,3,2, , , , , , , , , , , , ,4,2,1985,1,4,2,1,1,1,0
25038,3288,2,1, , , , , , , , , , , , ,3,1,1951,2,2,3,2,3,1,1
25039,3288,1,3,3,3,3,3,3,2,2,2,2,2,2,2, , ,1992,1,3,7,1,6,1,0
25040,3288,1,1,3,2,3,3,1,1,1,1,1,2,2,3, , ,1985,1,2,4,3,3,1,0
25041,3288,3,1, , , , , , , , , , , , ,2,2,1961,2,4,3,3,1,1,0
197011,5460,3,1, , , , , , , , , , , , ,3,1,1956,1,2,2,3,1,1,1
197012,5460,1,2,3,3,3,1,3,3,2,3,1,3,3,2, , ,1954,2,1,2,1,8,1,1
197013,5460,2,1, , , , , , , , , , , , ,4,1,1982,2,2,2,1,2,1,1
197016,5460,2,1, , , , , , , , , , , , ,3,1,1935,1,1,3,2,7,1,1
197017,5460,3,1, , , , , , , , , , , , ,3,1,1947,2,1,7,4,7,1,0
197018,5460,1,2,2,2,3,3,3,3,1,2,1,1,1,2, , ,1965,1,2,2,2,1,1,0
197020,5460,1,2,3,3,3,3,3,2,2,3,2,2,1,2, , ,1966,1,1,7,1,1,1,1
22041,3014,2,1, , , , , , , , , , , , ,2,1,1941,1,1,2,2,7,1,1
22042,3014,2,1, , , , , , , , , , , , ,3,1,1941,1,2,5,2,7,1,0
22043,3014,2,2, , , , , , , , , , , , ,2,2,1973,2,2,2,1,5,2,1
22044,3014,3,1, , , , , , , , , , , , ,2,1,1971,1,2,3,2,1,1,0
22045,3014,3,3, , , , , , , , , , , , ,3,1,1991,2,2,2,1,6,1,0
22046,3014,2,1, , , , , , , , , , , , ,3,1,1945,2,4,3,2,7,1,1
22047,3014,3,1, , , , , , , , , , , , ,1,1,1963,2,2,2,4,2,1,0
22048,3014,2,3, , , , , , , , , , , , ,2,1,1989,1,2,1,3,6,1,1
22049,3014,3,1, , , , , , , , , , , , ,3,2,1944,1,4,6,2,7,1,0
22050,3014,2,1, , , , , , , , , , , , ,3,1,1941,2,1,3,5,7,1,0
520004,5783,2,1, , , , , , , , , , , , ,3,2,1950,2,2,3,4,7,1,1
520007,5783,2,1, , , , , , , , , , , , ,3,1,1949,2,4,6,2,1,1,0
520006,5783,2,1, , , , , , , , , , , , ,3,2,1961,1,2,2,2,1,1,1
520005,5783,2,1, , , , , , , , , , , , ,3,1,1947,1,2,2,2,8,1,0
28004,3364,2,1, , , , , , , , , , , , ,2,1,1973,1,2,2,1,8,1,1
28003,3364,3,3, , , , , , , , , , , , ,3,2,1990,1,2,1,1,6,2,1
28001,3364,3,1, , , , , , , , , , , , ,1,2,1958,2,4,5,2,1,1,1
28002,3364,1,1,1,1,3,3,3,1,1,1,1,1,1,3, , ,1953,2,2,2,2,1,1,0
28008,3364,2,1, , , , , , , , , , , , ,2,2,1986,2,4,4,3,6,2,1
28010,3364,3,1, , , , , , , , , , , , ,2,1,1949,2,4,5,2,2,1,0
 , , , , , , , , , , , , , , , , , , , , , , , , ,1
28006,3364,3,1, , , , , , , , , , , , ,3,1,1936,1,2,7,2,7,1,0
28009,3364,2,1, , , , , , , , , , , , ,3,1,1949,1,2,3,2,8,1,1
28013,3364,3,1, , , , , , , , , , , , ,2,2,1946,1,1,2,3,7,1,1
28015,3364,3,2, , , , , , , , , , , , ,3,1,1989,1,2,2,1,1,1,0
28024,3364,3,1, , , , , , , , , , , , ,2,1,1989,1,4,4,1,6,2,1
28014,3364,2,1, , , , , , , , , , , , ,3,2,1972,2,2,3,2,11,1,1
28021,3364,3,1, , , , , , , , , , , , ,3,1,1968,1,2,3,2,1,1,1
28020,3364,3,1, , , , , , , , , , , , ,2,1,1970,1,2,2,2,1,1,1
28019,3364,1,1,3,3,2,3,3,3,3,3,3,3,3,3, , ,1964,1,2,3,2,1,1,0
28017,3364,2,1, , , , , , , , , , , , ,3,1,1935,2,2,2,5,7,1,0
28011,3364,2,1, , , , , , , , , , , , ,1,2,1945,1,2,2,4,8,1,1
478002,5741,1,1,3,3,1,3,3,3,3,2,3,3,3,3, , ,1966,1,2,5,3,5,2,1
478003,5741,2,1, , , , , , , , , , , , ,3,2,1924,1,2,7,2,7,1,1
478007,5741,3,1, , , , , , , , , , , , ,1,2,1974,2,4,6,3,1,1,1
478009,5741,6,2, , , , , , , , , , , , , , ,1986,2,2,7,3,9,1,0
478010,5741,2,1, , , , , , , , , , , , ,3,1,1940,1,1,3,2,7,1,1
478004,5741,2,1, , , , , , , , , , , , ,3,2,1935,1,2,5,2,7,1,0
478001,5741,2,1, , , , , , , , , , , , ,1,2,1941,2,4,6,2,7,1,1
476001,5739,3,1, , , , , , , , , , , , ,2,1,1987,1,2,1,1,6,1,0
476002,5739,3,1, , , , , , , , , , , , ,3,1,1946,1,4,6,2,2,1,1
476003,5739,3,1, , , , , , , , , , , , ,2,1,1950,1,4,7,2,3,1,1
476004,5739,3,1, , , , , , , , , , , , ,3,2,1970,1,4,5,2,1,1,1
476005,5739,3,1, , , , , , , , , , , , ,3,2,1948,2,4,3,4,1,1,1
33010,3485,3,1, , , , , , , , , , , , ,3,2,1978,1,4,6,2,1,1,1
33009,3485,3,1, , , , , , , , , , , , ,2,1,1946,1,4,4,2,7,1,1
33007,3485,3,1, , , , , , , , , , , , ,3,1,1955,1,2,2,4,5,2,1
33006,3485,3,1, , , , , , , , , , , , ,1,1,1952,2,4,5,2,5,1,0
33008,3485,2,2, , , , , , , , , , , , ,3,1,1982,2,4,5,2,1,1,0
33004,3485,3,1, , , , , , , , , , , , ,2,2,1943,2,2,2,2,7,1,1
33003,3485,3,1, , , , , , , , , , , , ,2,2,1948,1,2,2,1,7,1,0
33002,3485,2,1, , , , , , , , , , , , ,4,2,1936,2,2,2,2,7,1,1
33001,3485,2,1, , , , , , , , , , , , ,2,2,1937,2,4,4,5,7,1,0
217001,5480,2,2, , , , , , , , , , , , ,3,1,1950,1,2,2,3,5,2,0
217002,5480,1,2,3,3,3,3,3,1,1,3,1,1,1,1, , ,1944,1,1,2,4,7,1,1
217003,5480,3,1, , , , , , , , , , , , ,1,2,1972,2,2,5,3,1,1,0
217004,5480,3,1, , , , , , , , , , , , ,2,1,1978,2,4,5,2,2,1,1
217005,5480,3,1, , , , , , , , , , , , ,1,2,1964,2,4,5,2,5,2,1
217006,5480,2,1, , , , , , , , , , , , ,3,1,1963,1,2,2,2,1,1,0
217007,5480,3,1, , , , , , , , , , , , ,3,1,1948,1,2,2,4,1,1,1
217008,5480,3,1, , , , , , , , , , , , ,2,1,1967,2,4,5,2,1,1,1
217009,5480,2,1, , , , , , , , , , , , ,2,1,1944,2,4,3,1,7,1,1
217010,5480,2,1, , , , , , , , , , , , ,3,1,1939,1,2,3,2,7,1,1
217011,5480,3,2, , , , , , , , , , , , ,2,1,1948,1,2,3,1,7,1,1
217012,5480,2,2, , , , , , , , , , , , ,2,2,1987,1,4,5,1,6,1,1
217013,5480,1,1,3,4,1,3,3,1,3,3,3,3,3,3, , ,1959,2,2,2,2,5,2,0
217014,5480,2,1, , , , , , , , , , , , ,2,1,1937,1,2,2,2,7,1,1
217015,5480,1,2,1,1,3,3,3,3,2,3,2,2,3,3, , ,1965,2,4,5,4,1,1,1
217016,5480,3,1, , , , , , , , , , , , ,3,1,1977,2,4,6,2,1,1,1
217017,5480,2,1, , , , , , , , , , , , ,3,1,1937,1,4,5,2,7,1,0
217018,5480,3,1, , , , , , , , , , , , ,3,2,1983,1,3,4,1,6,1,1
217019,5480,3,1, , , , , , , , , , , , ,2,1,1988,2,4,5,1,6,1,1
217020,5480,3,3, , , , , , , , , , , , ,2,2,1991,2,4,4,1,6,1,1
526021,5789,3,1, , , , , , , , , , , , ,3,2,1955,2,2,7,4,1,1,1
526020,5789,3,1, , , , , , , , , , , , ,3,2,1950,1,4,6,4,5,2,0
526019,5789,3,1, , , , , , , , , , , , ,3,1,1974,2,4,6,2,1,1,1
526018,5789,2,1, , , , , , , , , , , , ,3,1,1946,2,4,6,4,7,1,0
526017,5789,3,1, , , , , , , , , , , , ,1,1,1946,2,4,6,4,2,1,1
526016,5789,3,1, , , , , , , , , , , , ,3,1,1948,1,2,3,4,5,2,1
526015,5789,2,1, , , , , , , , , , , , ,1,1,1967,1,2,2,4,5,2,0
526014,5789,3,1, , , , , , , , , , , , ,3,1,1957,1,4,6,2,5,2,0
526013,5789,2,1, , , , , , , , , , , , ,3,2,1936,2,2,7,5,7,1,1
526003,5789,3,2, , , , , , , , , , , , ,1,2,1987,2,2,7,1,3,2,1
526008,5789,1,1,3,3,3,3,3,3,3,3,3,3,3,3, , ,1944,1,2,7,5,7,1,0
526011,5789,2,2, , , , , , , , , , , , ,3,1,1957,1,2,7,4,8,1,1
526006,5789,2,1, , , , , , , , , , , , ,3,1,1961,1,2,2,1,1,1,0
526004,5789,3,1, , , , , , , , , , , , ,1,2,1949,1,4,6,4,2,1,0
526002,5789,3,1, , , , , , , , , , , , ,1,1,1961,1,2,2,2,1,1,0
526005,5789,3,1, , , , , , , , , , , , ,3,1,1983,1,4,4,2,1,1,1
526010,5789,1,2,2,2,3,3,3,3,1,3,3,3,3,3, , ,1978,1,4,6,1,1,1,0
526001,5789,2,1, , , , , , , , , , , , ,3,1,1929,1,3,3,2,1,1,1
302002,5565,3,1, , , , , , , , , , , , ,3,2,1973,2,4,6,3,1,1,1
302003,5565,3,1, , , , , , , , , , , , ,2,1,1950,2,4,3,4,1,1,1
302009,5565,3,1, , , , , , , , , , , , ,3,2,1969,1,2,2,1,1,1,1
302008,5565,2,1, , , , , , , , , , , , ,1,1,1947,1,4,3,2,7,1,1
302005,5565,2,1, , , , , , , , , , , , ,3,1,1941,1,2,2,2,7,1,1
302004,5565,3,1, , , , , , , , , , , , ,3,1,1946,2,2,7,2,7,1,0
302001,5565,3,1, , , , , , , , , , , , ,2,2,1978,2,2,3,3,5,2,1
189004,5452,2,1, , , , , , , , , , , , ,2,1,1945,1,2,3,2,7,1,0
189010,5452,1,2,3,3,3,3,3,2,2,3,1,1,3,3, , ,1988,2,1,7,1,1,2,1
189009,5452,1,2,3,3,3,3,3,1,2,1,2,3,2,3, , ,1981,1,2,7,3,1,1,1
189008,5452,1,1,2,3,3,3,3,1,1,3,3,1,1,3, , ,1963,1,1,7,3,1,1,1
189007,5452,2,1, , , , , , , , , , , , ,3,2,1956,2,4,3,1,8,1,1
189006,5452,1,2,1,1,2,3,3,2,2,1,1,1,1,2, , ,1963,2,2,2,4,5,2,0
189005,5452,2,1, , , , , , , , , , , , ,3,1,1943,1,1,3,4,7,1,1
189003,5452,2,1, , , , , , , , , , , , ,4,1,1957,1,2,2,1,8,1,1
189002,5452,1,1,3,3,3,2,3,3,3,3,3,3,3,3, , ,1922,2,1,7,5,7,1,1
189001,5452,2,1, , , , , , , , , , , , ,3,1,1925,2,2,2,2,7,1,1
441010,5704,2,1, , , , , , , , , , , , ,3,1,1986,2,4,3,1,6,1,1
441009,5704,3,1, , , , , , , , , , , , ,3,2,1980,2,4,5,2,2,2,0
441008,5704,2,1, , , , , , , , , , , , ,3,1,1948,1,1,7,2,7,1,1
441007,5704,2,1, , , , , , , , , , , , ,3,1,1983,1,4,3,3,1,1,1
441006,5704,3,1, , , , , , , , , , , , ,2,1,1967,1,4,6,2,1,1,1
441003,5704,2,1, , , , , , , , , , , , ,3,2,1946,2,4,3,2,7,1,0
441005,5704,3,1, , , , , , , , , , , , ,3,1,1964,2,2,3,2,1,1,1
441004,5704,2,1, , , , , , , , , , , , ,3,1,1962,2,4,6,1,1,1,0
441002,5704,2,1, , , , , , , , , , , , ,3,2,1931,1,1,3,2,7,1,1
441001,5704,2,1, , , , , , , , , , , , ,3,2,1932,1,1,2,5,7,1,0
365012,5628,3,2, , , , , , , , , , , , ,2,1,1984,2,4,5,2,11,1,1
365013,5628,2,1, , , , , , , , , , , , ,3,1,1933,2,1,2,1,7,1,1
365014,5628,2,1, , , , , , , , , , , , ,3,2,1945,1,2,7,1,7,1,0
365015,5628,3,1, , , , , , , , , , , , ,2,2,1968,2,4,6,2,1,1,1
365017,5628,2,1, , , , , , , , , , , , ,3,1,1985,2,4,4,3,6,1,1
365018,5628,1,1,3,2,3,3,3,3,2,2,3,1,3,3, , ,1985,1,4,3,3,1,1,1
365021,5628,1,2,3,3,2,3,3,1,1,1,1,1,1,2, , ,1986,2,2,2,1,8,1,1
365023,5628,3,1, , , , , , , , , , , , ,3,2,1968,1,4,5,2,1,1,1
365007,5628,2,1, , , , , , , , , , , , ,2,2,1967,1,4,6,4,1,1,0
365008,5628,2,1, , , , , , , , , , , , ,2,1,1958,2,2,5,2,1,1,0
365009,5628,3,1, , , , , , , , , , , , ,3,2,1936,2,1,2,2,7,1,1
365024,5628,3,1, , , , , , , , , , , , ,2,1,1959,1,1,2,2,1,1,0
365028,5628,3,1, , , , , , , , , , , , ,2,1,1944,2,1,3,5,7,1,1
365001,5628,2,1, , , , , , , , , , , , ,1,2,1932,1,2,3,4,7,1,1
365002,5628,1,1,3,3,3,3,3,2,3,1,2,3,3,3, , ,1938,2,1,2,2,7,1,1
365005,5628,2,1, , , , , , , , , , , , ,2,1,1960,2,4,6,2,1,1,1
365006,5628,2,1, , , , , , , , , , , , ,2,1,1946,1,4,6,2,7,1,0
365011,5628,2,1, , , , , , , , , , , , ,3,1,1958,1,4,5,4,1,1,1
365010,5628,3,1, , , , , , , , , , , , ,3,1,1930,1,1,2,2,7,1,0
365004,5628,3,1, , , , , , , , , , , , ,3,1,1969,2,4,6,2,1,1,0
521005,5784,5,2, , , , , , , , , , , , , , ,1969,2,1,6,2,1,1,0
 , , , , , , , , , , , , , , , , , , , , , , , , ,0
521010,5784,2,1, , , , , , , , , , , , ,3,2,1932,1,2,3,2,7,1,1
521007,5784,2,1, , , , , , , , , , , , ,3,2,1975,2,4,5,1,5,1,1
521008,5784,3,1, , , , , , , , , , , , ,1,1,1946,2,1,7,2,3,1,1
521004,5784,3,1, , , , , , , , , , , , ,3,2,1977,2,4,5,3,1,1,1
 , , , , , , , , , , , , , , , , , , , , , , , , ,1
521006,5784,2,1, , , , , , , , , , , , ,3,1,1980,2,4,6,3,1,1,1
29012,3367,3,3, , , , , , , , , , , , ,3,1,1991,2,2,1,1,6,1,0
29011,3367,2,1, , , , , , , , , , , , ,1,1,1947,2,1,2,4,7,1,0
29009,3367,2,1, , , , , , , , , , , , ,3,1,1946,1,4,5,3,7,1,0
29008,3367,3,1, , , , , , , , , , , , ,1,2,1951,1,2,3,2,7,1,1
29007,3367,2,1, , , , , , , , , , , , ,3,1,1945,2,1,2,3,8,1,1
29006,3367,3,1, , , , , , , , , , , , ,3,1,1972,2,2,3,3,1,1,1
29005,3367,1,1,1,1,3,3,3,3,2,3,1,1,3,1, , ,1946,1,1,2,2,7,1,1
29004,3367,2,1, , , , , , , , , , , , ,3,1,1975,1,4,5,2,1,1,0
29002,3367,2,1, , , , , , , , , , , , ,3,2,1966,2,2,7,2,1,1,0
29001,3367,3,1, , , , , , , , , , , , ,2,2,1951,2,2,3,2,8,1,0
29013,3367,2,1, , , , , , , , , , , , ,2,1,1970,1,4,3,1,1,1,1
29015,3367,3,1, , , , , , , , , , , , ,3,1,1946,1,1,3,4,8,1,0
29016,3367,3,2, , , , , , , , , , , , ,3,1,1975,1,2,3,3,1,1,1
29017,3367,1,1,3,3,3,1,3,3,3,3,3,3,3,3, , ,1962,2,2,3,2,1,2,0
29019,3367,1,2,2,3,3,3,2,2,2,2,2,2,3,3, , ,1982,1,2,2,1,5,2,1
29020,3367,3,1, , , , , , , , , , , , ,2,1,1981,2,4,5,2,6,1,0
29021,3367,3,1, , , , , , , , , , , , ,2,1,1957,2,4,3,1,5,2,0
29022,3367,2,1, , , , , , , , , , , , ,3,1,1939,2,1,2,4,8,1,1
29023,3367,2,1, , , , , , , , , , , , ,1,1,1984,1,4,6,2,1,1,0
29024,3367,3,1, , , , , , , , , , , , ,2,1,1983,1,2,5,3,1,1,1
29025,3367,3,1, , , , , , , , , , , , ,2,2,1949,2,4,3,2,1,1,1
29026,3367,2,1, , , , , , , , , , , , ,3,1,1977,1,2,3,2,1,1,1
 , , , , , , , , , , , , , , , , , , , , , , , , ,1
29028,3367,3,1, , , , , , , , , , , , ,2,1,1946,1,2,3,2,7,1,0
29029,3367,3,1, , , , , , , , , , , , ,3,2,1959,2,4,6,1,1,1,1
29030,3367,1,2,3,3,3,1,3,1,1,3,1,3,1,1, , ,1970,1,4,6,4,1,2,1
29031,3367,3,1, , , , , , , , , , , , ,3,1,1978,2,4,6,1,5,2,0
 , , , , , , , , , , , , , , , , , , , , , , , , ,1
 , , , , , , , , , , , , , , , , , , , , , , , , ,0
62007,4097,2,1, , , , , , , , , , , , ,3,2,1948,1,4,5,4,7,2,1
62010,4097,3,1, , , , , , , , , , , , ,3,2,1969,2,4,6,1,1,1,1
62008,4097,2,1, , , , , , , , , , , , ,3,1,1941,2,2,4,5,7,1,0
62009,4097,2,1, , , , , , , , , , , , ,3,1,1948,1,1,7,2,3,1,1
62005,4097,3,1, , , , , , , , , , , , ,3,2,1964,1,2,2,1,5,2,1
 , , , , , , , , , , , , , , , , , , , , , , , , ,1
 , , , , , , , , , , , , , , , , , , , , , , , , ,0
 , , , , , , , , , , , , , , , , , , , , , , , , ,1
300004,5563,2,1, , , , , , , , , , , , ,3,1,1958,2,2,2,2,1,1,0
300001,5563,3,8, , , , , , , , , , , , ,2,2,1974,2,2,2,3,5,2,1
300003,5563,2,1, , , , , , , , , , , , ,2,1,1970,2,2,3,2,2,1,0
300002,5563,2,1, , , , , , , , , , , , ,4,1,1959,2,2,3,1,5,2,0
524004,5787,2,2, , , , , , , , , , , , ,2,2,1947,2,1,3,5,2,1,1
524006,5787,2,1, , , , , , , , , , , , ,2,1,1953,2,2,3,4,8,1,1
524008,5787,2,1, , , , , , , , , , , , ,3,1,1967,1,2,2,2,1,1,0
524010,5787,2,1, , , , , , , , , , , , ,2,2,1968,2,2,3,3,1,1,0
524001,5787,2,1, , , , , , , , , , , , ,3,3,1955,1,2,5,2,2,2,1
524003,5787,2,1, , , , , , , , , , , , ,3,2,1932,2,1,7,5,7,1,0
402030,5665,3,1, , , , , , , , , , , , ,2,1,1988,2,4,7,1,6,1,1
402029,5665,3,1, , , , , , , , , , , , ,3,1,1935,2,2,7,2,7,1,1
402028,5665,2,1, , , , , , , , , , , , ,3,2,1938,2,2,2,2,7,1,1
402027,5665,3,1, , , , , , , , , , , , ,2,1,1984,1,4,4,1,6,1,0
402026,5665,1,1,2,2,1,3,3,3,3,3,3,3,3,3, , ,1963,2,4,3,3,1,1,0
402025,5665,2,1, , , , , , , , , , , , ,3,1,1935,1,4,6,2,7,1,0
402024,5665,1,2,2,2,1,3,3,3,3,3,3,3,3,2, , ,1977,1,2,2,3,1,1,1
402023,5665,2,1, , , , , , , , , , , , ,2,2,1957,1,4,6,4,1,1,1
402022,5665,3,1, , , , , , , , , , , , ,3,1,1931,1,1,3,5,7,1,1
402021,5665,3,1, , , , , , , , , , , , ,1,1,1960,2,4,6,2,1,1,0
402020,5665,2,1, , , , , , , , , , , , ,1,1,1934,1,2,3,2,7,1,1
402018,5665,2,1, , , , , , , , , , , , ,2,1,1980,1,4,5,1,5,2,0
402019,5665,1,1,3,2,1,3,3,3,3,3,2,3,3,3, , ,1967,2,2,3,1,1,2,0
402017,5665,2,1, , , , , , , , , , , , ,3,1,1963,1,2,2,1,5,2,0
402015,5665,2,1, , , , , , , , , , , , ,2,2,1947,1,2,2,3,7,1,1
402016,5665,3,1, , , , , , , , , , , , ,1,1,1968,1,2,2,2,1,1,1
402013,5665,2,1, , , , , , , , , , , , ,1,1,1942,1,2,3,2,7,1,1
402012,5665,3,1, , , , , , , , , , , , ,3,1,1928,2,1,7,2,7,1,1
402014,5665,2,1, , , , , , , , , , , , ,3,1,1944,2,4,6,2,7,1,0
402011,5665,3,1, , , , , , , , , , , , ,3,1,1974,1,2,2,2,1,1,1
402010,5665,3,2, , , , , , , , , , , , ,2,2,1956,1,4,2,2,5,2,1
402009,5665,1,1,3,2,2,3,3,2,3,3,2,3,2,3, , ,1958,2,2,3,4,1,1,1
402008,5665,1,1,3,1,2,3,3,3,3,3,2,3,2,2, , ,1960,2,2,2,4,1,1,0
402007,5665,1,2,2,2,1,3,2,2,2,3,2,3,3,3, , ,1990,2,2,2,1,1,1,1
402006,5665,3,1, , , , , , , , , , , , ,3,1,1973,2,4,6,2,6,1,0
402005,5665,3,2, , , , , , , , , , , , ,2,1,1985,1,4,4,3,6,1,0
402004,5665,2,2, , , , , , , , , , , , ,2,1,1987,2,4,4,3,6,1,1
402003,5665,2,1, , , , , , , , , , , , ,3,1,1932,2,1,2,4,7,1,0
402002,5665,3,1, , , , , , , , , , , , ,1,2,1965,1,2,2,1,5,2,1
402001,5665,3,2, , , , , , , , , , , , ,2,1,1987,2,2,7,3,5,2,1
13003,2615,3,1, , , , , , , , , , , , ,3,1,1956,1,4,6,3,1,1,1
13005,2615,3,1, , , , , , , , , , , , ,3,1,1956,1,4,3,1,1,1,1
13004,2615,3,1, , , , , , , , , , , , ,1,1,1951,1,2,3,2,1,1,1
13006,2615,1,2,2,2,1,3,3,2,2,2,2,3,2,3, , ,1971,1,2,2,3,1,1,1
13007,2615,2,1, , , , , , , , , , , , ,3,1,1988,1,4,4,1,6,1,1
13008,2615,3,1, , , , , , , , , , , , ,3,1,1967,1,2,2,1,2,1,1
13002,2615,3,1, , , , , , , , , , , , ,3,1,1980,2,4,6,1,6,2,1
13001,2615,3,1, , , , , , , , , , , , ,1,3,1951,1,2,2,2,1,1,0
114011,5377,2,1, , , , , , , , , , , , ,3,1,1979,1,2,2,1,1,1,0
114010,5377,2,1, , , , , , , , , , , , ,3,2,1970,2,2,3,1,1,1,0
114009,5377,2,1, , , , , , , , , , , , ,3,2,1961,1,4,6,3,1,1,1
114008,5377,3,1, , , , , , , , , , , , ,3,1,1968,2,4,6,2,1,1,0
114007,5377,2,1, , , , , , , , , , , , ,3,1,1956,1,4,6,4,8,1,1
114005,5377,3,1, , , , , , , , , , , , ,2,1,1961,1,4,6,5,1,1,1
114004,5377,1,1,3,3,1,3,2,3,3,3,3,3,3,3, , ,1987,2,2,2,2,11,1,0
114003,5377,3,1, , , , , , , , , , , , ,3,2,1950,2,2,3,2,1,1,1
114002,5377,2,1, , , , , , , , , , , , ,3,2,1960,2,2,3,2,1,1,1
114001,5377,3,1, , , , , , , , , , , , ,3,2,1956,1,1,2,4,1,1,0
7001,2383,2,1, , , , , , , , , , , , ,3,2,1956,2,2,2,2,8,1,1
7002,2383,3,1, , , , , , , , , , , , ,2,1,1963,1,2,3,4,8,1,1
7003,2383,2,2, , , , , , , , , , , , ,2,2,1968,2,4,3,4,6,2,0
7004,2383,1,3,3,3,2,3,3,2,2,2,2,3,2,3, , ,1992,2,2,7,3,1,1,1
7005,2383,3,2, , , , , , , , , , , , ,3,2,1952,2,2,2,4,3,2,1
7012,2383,2,1, , , , , , , , , , , , ,3,2,1937,1,1,2,2,7,1,1
7015,2383,3,2, , , , , , , , , , , , ,2,2,1973,2,4,3,2,5,2,1
7016,2383,3,1, , , , , , , , , , , , ,2,1,1971,2,1,2,2,1,1,0
7017,2383,2,1, , , , , , , , , , , , ,3,2,1983,2,4,6,3,1,1,0
7018,2383,3,1, , , , , , , , , , , , ,3,1,1949,2,2,7,2,7,1,0
7007,2383,2,1, , , , , , , , , , , , ,3,1,1938,1,4,3,2,7,1,1
7008,2383,3,1, , , , , , , , , , , , ,3,1,1972,1,1,2,1,8,1,0
7011,2383,3,1, , , , , , , , , , , , ,3,2,1969,2,2,4,2,6,1,1
7019,2383,2,1, , , , , , , , , , , , ,2,1,1947,1,2,2,2,7,1,0
7020,2383,1,1,3,3,3,3,3,3,3,3,3,3,3,3, , ,1984,2,2,3,1,1,1,0
7021,2383,3,1, , , , , , , , , , , , ,2,1,1979,2,2,5,2,6,1,1
7022,2383,2,1, , , , , , , , , , , , ,3,1,1945,1,1,2,2,7,1,1
7023,2383,2,1, , , , , , , , , , , , ,1,2,1951,2,2,2,4,1,1,1
7024,2383,3,1, , , , , , , , , , , , ,3,2,1950,1,2,2,3,1,1,1
7025,2383,3,1, , , , , , , , , , , , ,2,1,1983,1,2,2,2,1,1,0
7026,2383,2,1, , , , , , , , , , , , ,3,2,1983,1,1,2,1,5,2,0
7030,2383,1,1,2,1,2,3,2,2,2,3,2,3,3,2, , ,1981,1,2,2,3,1,1,0
7034,2383,2,1, , , , , , , , , , , , ,3,1,1938,1,2,2,2,7,1,1
7036,2383,3,1, , , , , , , , , , , , ,3,1,1978,2,4,5,2,5,2,0
7038,2383,2,1, , , , , , , , , , , , ,2,1,1936,1,1,2,2,7,1,1
7039,2383,2,1, , , , , , , , , , , , ,1,1,1928,2,1,7,5,7,1,0
7041,2383,2,1, , , , , , , , , , , , ,3,2,1941,2,1,3,5,7,1,1
7042,2383,3,1, , , , , , , , , , , , ,2,2,1969,1,2,2,2,1,1,1
91010,5354,2,1, , , , , , , , , , , , ,3,1,1949,2,2,3,5,7,1,1
91009,5354,2,1, , , , , , , , , , , , ,1,1,1936,2,2,2,5,7,1,1
91008,5354,2,1, , , , , , , , , , , , ,3,1,1955,1,2,2,2,7,1,1
91007,5354,2,2, , , , , , , , , , , , ,3,2,1985,1,4,7,2,1,1,0
91006,5354,3,1, , , , , , , , , , , , ,3,1,1968,1,4,6,2,1,1,1
91005,5354,3,1, , , , , , , , , , , , ,3,1,1985,2,4,6,1,6,1,0
91004,5354,3,1, , , , , , , , , , , , ,3,2,1978,1,4,6,2,1,1,1
91003,5354,2,1, , , , , , , , , , , , ,4,1,1938,1,4,6,2,7,1,1
91002,5354,2,1, , , , , , , , , , , , ,3,1,1928,2,1,7,2,7,1,1
91001,5354,2,1, , , , , , , , , , , , ,3,1,1945,2,4,6,5,7,1,0
32001,3458,1,2,3,2,3,3,3,3,3,3,2,2,2,3, , ,1943,1,1,2,4,7,1,0
32002,3458,2,1, , , , , , , , , , , , ,1,1,1969,2,4,6,1,1,1,1
32003,3458,2,3, , , , , , , , , , , , ,3,2,1992,2,4,7,1,6,1,0
32004,3458,3,3, , , , , , , , , , , , ,3,2,1992,2,4,7,1,6,1,1
32005,3458,3,1, , , , , , , , , , , , ,3,1,1956,1,2,2,2,5,2,1
32006,3458,2,1, , , , , , , , , , , , ,3,1,1954,1,2,2,2,1,1,1
32007,3458,2,2, , , , , , , , , , , , ,3,2,1947,2,2,7,5,7,1,1
32008,3458,3,1, , , , , , , , , , , , ,2,1,1955,2,1,2,2,1,1,1
32009,3458,3,1, , , , , , , , , , , , ,2,1,1960,2,2,3,2,2,1,0
32010,3458,1,1,2,2,3,3,3,2,2,2,2,3,2,2, , ,1975,2,2,2,4,2,1,1
32012,3458,2,1, , , , , , , , , , , , ,3,1,1980,1,2,4,2,1,1,0
32013,3458,3,1, , , , , , , , , , , , ,3,1,1978,1,2,2,2,1,1,1
32011,3458,2,1, , , , , , , , , , , , ,2,2,1976,2,4,4,4,1,1,1
32014,3458,2,1, , , , , , , , , , , , ,1,1,1949,2,2,5,2,1,1,1
32015,3458,3,1, , , , , , , , , , , , ,3,1,1971,2,2,5,2,1,1,0
32016,3458,1,1,3,3,1,3,3,3,3,3,3,3,3,3, , ,1944,1,1,7,2,7,1,0
32017,3458,3,1, , , , , , , , , , , , ,3,2,1931,1,1,7,2,7,1,1
32018,3458,2,1, , , , , , , , , , , , ,1,2,1948,2,4,4,2,8,1,0
32020,3458,1,1,3,3,3,3,3,1,3,2,2,3,2,2, , ,1975,2,2,2,2,2,1,1
32021,3458,3,1, , , , , , , , , , , , ,2,1,1969,2,2,4,3,1,1,1
32022,3458,3,1, , , , , , , , , , , , ,2,1,1982,1,2,7,1,5,2,0
32023,3458,3,1, , , , , , , , , , , , ,3,2,1976,1,2,3,2,5,2,1
32024,3458,3,1, , , , , , , , , , , , ,2,1,1974,1,2,2,2,1,1,0
32025,3458,3,1, , , , , , , , , , , , ,1,1,1950,2,4,3,2,1,1,0
32026,3458,3,1, , , , , , , , , , , , ,3,1,1943,2,4,6,1,7,1,0
32027,3458,2,1, , , , , , , , , , , , ,3,2,1940,1,2,2,2,7,1,1
32028,3458,2,1, , , , , , , , , , , , ,1,1,1929,1,1,7,2,7,1,1
32029,3458,3,1, , , , , , , , , , , , ,2,2,1983,1,4,6,1,1,1,0
32030,3458,2,1, , , , , , , , , , , , ,3,1,1939,1,1,4,4,7,1,1
32031,3458,2,2, , , , , , , , , , , , ,3,2,1954,1,1,2,4,1,1,1
32032,3458,2,1, , , , , , , , , , , , ,1,1,1938,2,2,2,4,7,1,0
32033,3458,2,1, , , , , , , , , , , , ,2,2,1969,1,4,6,2,1,1,0
32034,3458,2,1, , , , , , , , , , , , ,3,1,1943,2,1,7,3,7,1,1
32035,3458,3,2, , , , , , , , , , , , ,3,1,1962,1,2,2,2,1,1,1
32036,3458,2,1, , , , , , , , , , , , ,3,1,1937,1,4,6,2,7,1,1
32037,3458,3,1, , , , , , , , , , , , ,1,1,1982,1,2,2,1,1,1,0
32038,3458,3,1, , , , , , , , , , , , ,3,1,1985,1,4,4,3,6,1,0
32039,3458,3,1, , , , , , , , , , , , ,2,1,1984,2,4,6,3,1,1,1
32040,3458,3,1, , , , , , , , , , , , ,2,1,1982,2,2,5,1,1,1,1
32091,3458,3,1, , , , , , , , , , , , ,3,2,1978,2,2,3,2,11,1,1
488002,5751,1,2,3,3,1,3,3,3,3,3,2,3,3,3, , ,1987,2,4,2,3,1,1,1
488003,5751,2,1, , , , , , , , , , , , ,3,2,1947,1,4,7,2,8,1,0
488004,5751,2,1, , , , , , , , , , , , ,3,1,1955,2,2,3,4,1,1,0
488007,5751,3,1, , , , , , , , , , , , ,4,1,1980,2,4,7,4,5,2,1
488008,5751,3,1, , , , , , , , , , , , ,3,2,1948,2,2,7,2,9,1,1
488009,5751,3,1, , , , , , , , , , , , ,4,1,1978,1,2,3,2,1,1,1
488010,5751,2,1, , , , , , , , , , , , ,2,1,1975,2,4,5,2,1,1,1
488012,5751,3,2, , , , , , , , , , , , ,3,1,1981,2,2,4,2,1,2,1
102013,5365,2,1, , , , , , , , , , , , ,3,1,1941,1,2,2,2,7,1,1
102019,5365,2,1, , , , , , , , , , , , ,3,1,1948,2,2,3,1,7,1,1
102018,5365,3,1, , , , , , , , , , , , ,3,1,1926,1,1,2,2,7,1,0
102021,5365,1,1,3,3,3,1,3,3,3,3,3,3,3,3, , ,1926,2,1,3,5,7,1,1
102017,5365,3,1, , , , , , , , , , , , ,3,1,1937,2,2,3,2,7,1,1
102015,5365,2,1, , , , , , , , , , , , ,2,1,1966,2,2,5,4,5,2,1
 , , , , , , , , , , , , , , , , , , , , , , , , ,1
 , , , , , , , , , , , , , , , , , , , , , , , , ,1
102010,5365,3,1, , , , , , , , , , , , ,2,2,1936,1,1,3,2,7,1,1
102009,5365,1,8,1,1,3,2,3,3,1,2,2,3,3,2, , ,1932,1,2,3,2,7,1,0
102008,5365,3,1, , , , , , , , , , , , ,3,2,1960,1,2,2,1,8,1,1
102007,5365,2,1, , , , , , , , , , , , ,1,2,1941,2,1,7,5,7,1,0
102006,5365,2,1, , , , , , , , , , , , ,3,2,1931,2,1,4,5,7,1,0
102012,5365,2,1, , , , , , , , , , , , ,3,1,1987,1,2,4,2,2,1,0
102004,5365,3,1, , , , , , , , , , , , ,1,1,1964,1,2,3,2,5,2,0
102002,5365,1,1,3,3,3,1,3,3,3,3,3,3,3,3, , ,1937,2,1,7,1,7,1,1
102001,5365,2,1, , , , , , , , , , , , ,3,1,1947,2,1,3,5,7,1,1
102003,5365,2,2, , , , , , , , , , , , ,1,2,1978,2,2,7,4,9,1,1
102005,5365,3,1, , , , , , , , , , , , ,1,1,1972,1,2,5,1,1,2,1
102038,5365,3,2, , , , , , , , , , , , ,2,1,1984,1,2,3,1,1,1,0
102039,5365,2,1, , , , , , , , , , , , ,3,2,1963,1,2,6,3,1,1,1
102040,5365,2,1, , , , , , , , , , , , ,3,2,1968,2,2,5,2,3,1,0
102034,5365,3,1, , , , , , , , , , , , ,4,1,1986,2,2,3,1,1,1,0
102033,5365,3,3, , , , , , , , , , , , ,3,2,1992,2,2,2,1,1,1,1
102031,5365,3,3, , , , , , , , , , , , ,3,2,1992,2,2,3,2,1,1,1
102032,5365,3,1, , , , , , , , , , , , ,3,2,1927,2,1,2,5,7,1,1
102036,5365,3,1, , , , , , , , , , , , ,3,1,1985,1,2,6,1,3,1,1
102035,5365,3,2, , , , , , , , , , , , ,3,1,1984,1,2,3,2,6,1,0
102037,5365,1,1,3,3,3,3,3,3,3,3,3,3,3,3, , ,1985,2,2,6,1,6,1,1
102029,5365,3,1, , , , , , , , , , , , ,3,2,1953,1,2,3,2,1,1,1
102028,5365,2,1, , , , , , , , , , , , ,3,1,1940,1,2,2,2,7,1,1
102030,5365,3,1, , , , , , , , , , , , ,3,1,1969,2,2,3,4,5,1,1
102027,5365,6,3, , , , , , , , , , , , , , ,1992,1,2,1,1,6,1,0
102022,5365,2,1, , , , , , , , , , , , ,3,1,1965,1,2,3,2,1,1,1
102023,5365,3,1, , , , , , , , , , , , ,3,1,1981,2,2,6,2,6,1,0
102026,5365,3,1, , , , , , , , , , , , ,3,3,1938,1,2,2,4,7,1,0
102025,5365,3,1, , , , , , , , , , , , ,3,3,1946,2,1,3,2,7,1,1
102024,5365,3,1, , , , , , , , , , , , ,3,1,1974,2,2,6,2,9,1,1
102020,5365,3,1, , , , , , , , , , , , ,1,1,1929,1,1,7,5,7,1,1
102014,5365,2,1, , , , , , , , , , , , ,3,2,1928,2,1,2,1,7,1,1
31007,3450,2,1, , , , , , , , , , , , ,3,2,1933,2,4,6,2,7,1,1
31020,3450,2,1, , , , , , , , , , , , ,3,1,1983,1,4,5,3,1,1,1
31014,3450,2,1, , , , , , , , , , , , ,3,1,1945,1,2,3,5,1,1,1
31006,3450,3,1, , , , , , , , , , , , ,1,1,1932,2,4,6,5,7,1,1
31019,3450,3,1, , , , , , , , , , , , ,2,1,1967,1,2,2,2,1,1,0
31016,3450,3,2, , , , , , , , , , , , ,3,2,1991,2,4,4,1,6,1,1
31017,3450,2,1, , , , , , , , , , , , ,1,2,1989,1,2,4,3,6,1,1
31004,3450,3,1, , , , , , , , , , , , ,3,1,1952,2,4,6,1,1,1,0
31015,3450,2,1, , , , , , , , , , , , ,2,1,1969,2,4,6,2,1,1,1
31012,3450,2,1, , , , , , , , , , , , ,3,1,1940,1,4,4,2,7,1,0
31013,3450,3,1, , , , , , , , , , , , ,2,1,1971,2,4,6,2,1,1,0
31011,3450,2,1, , , , , , , , , , , , ,2,2,1977,2,4,2,2,1,1,1
31010,3450,2,1, , , , , , , , , , , , ,3,1,1940,2,2,3,2,7,1,0
31018,3450,3,1, , , , , , , , , , , , ,3,2,1978,1,4,6,3,1,1,0
31009,3450,2,1, , , , , , , , , , , , ,3,1,1947,2,1,2,3,7,1,1
31008,3450,2,1, , , , , , , , , , , , ,3,1,1946,1,1,3,2,7,1,0
31003,3450,2,1, , , , , , , , , , , , ,2,1,1926,2,4,4,5,7,1,1
31005,3450,2,1, , , , , , , , , , , , ,3,2,1971,1,2,5,2,1,1,1
31002,3450,2,1, , , , , , , , , , , , ,2,1,1930,2,1,7,2,7,1,1
31001,3450,1,1,3,3,1,3,3,3,3,3,3,3,3,3, , ,1985,1,4,6,3,6,1,0
42051,3745,3,1, , , , , , , , , , , , ,2,1,1925,2,1,2,5,7,1,1
42050,3745,2,1, , , , , , , , , , , , ,2,1,1983,1,4,5,2,1,1,0
42049,3745,3,2, , , , , , , , , , , , ,3,1,1971,1,2,5,2,8,1,0
42048,3745,3,1, , , , , , , , , , , , ,3,1,1986,1,4,3,2,1,1,1
42047,3745,2,1, , , , , , , , , , , , ,3,1,1938,1,2,3,2,7,1,1
42046,3745,3,1, , , , , , , , , , , , ,3,1,1968,1,2,4,1,1,1,1
42044,3745,3,1, , , , , , , , , , , , ,3,2,1973,2,4,5,2,1,1,0
42045,3745,2,1, , , , , , , , , , , , ,3,2,1943,2,2,3,1,7,1,1
42043,3745,2,1, , , , , , , , , , , , ,3,1,1950,1,1,1,2,7,1,0
42039,3745,2,1, , , , , , , , , , , , ,3,2,1940,2,1,3,1,7,1,0
42038,3745,1,1,2,1,3,3,3,2,2,2,2,2,2,3, , ,1948,1,1,7,2,7,1,1
42037,3745,2,1, , , , , , , , , , , , ,2,2,1941,2,1,7,5,7,1,1
42042,3745,2,1, , , , , , , , , , , , ,2,1,1978,2,1,2,2,1,1,0
42041,3745,3,1, , , , , , , , , , , , ,3,1,1978,1,1,2,2,1,2,1
42040,3745,3,1, , , , , , , , , , , , ,2,1,1941,1,1,7,4,7,1,1
42036,3745,2,1, , , , , , , , , , , , ,2,1,1986,1,4,7,2,1,1,1
42034,3745,3,1, , , , , , , , , , , , ,2,1,1986,2,4,5,3,6,1,1
42033,3745,3,1, , , , , , , , , , , , ,2,2,1945,2,2,3,5,7,1,1
42032,3745,3,1, , , , , , , , , , , , ,2,1,1952,1,2,2,2,5,2,0
42031,3745,3,3, , , , , , , , , , , , ,2,2,1990,1,2,3,1,6,1,1
42029,3745,2,1, , , , , , , , , , , , ,3,2,1929,1,1,2,2,7,1,1
42025,3745,2,1, , , , , , , , , , , , ,3,1,1946,2,4,3,4,7,1,1
42026,3745,2,1, , , , , , , , , , , , ,2,2,1942,1,1,2,2,7,1,0
42028,3745,2,1, , , , , , , , , , , , ,3,1,1932,2,4,3,5,7,1,0
42027,3745,2,1, , , , , , , , , , , , ,3,2,1949,1,2,2,2,7,1,0
42020,3745,3,1, , , , , , , , , , , , ,3,1,1946,1,1,7,2,7,1,1
42019,3745,2,1, , , , , , , , , , , , ,3,2,1937,2,1,7,2,7,1,0
42016,3745,2,1, , , , , , , , , , , , ,3,1,1964,1,4,5,2,1,1,0
42024,3745,3,1, , , , , , , , , , , , ,2,1,1966,1,4,6,2,1,1,0
42023,3745,3,1, , , , , , , , , , , , ,2,1,1930,2,2,7,2,7,1,0
42013,3745,1,2,3,3,3,3,3,1,1,1,2,2,1,3, , ,1979,1,2,3,1,5,2,1
42012,3745,1,2,3,3,3,3,3,2,1,2,2,3,1,3, , ,1977,1,2,2,1,1,1,1
42011,3745,2,1, , , , , , , , , , , , ,3,1,1962,1,2,2,1,5,2,1
42009,3745,2,1, , , , , , , , , , , , ,3,2,1930,2,1,7,5,7,1,0
42008,3745,3,1, , , , , , , , , , , , ,3,2,1949,2,4,6,4,1,1,0
42005,3745,1,1,3,3,3,3,3,2,2,2,2,2,2,3, , ,1953,1,2,2,2,8,1,0
42004,3745,2,1, , , , , , , , , , , , ,3,1,1968,1,2,3,3,1,1,1
42003,3745,3,1, , , , , , , , , , , , ,2,2,1961,2,4,3,2,1,1,1
42001,3745,2,1, , , , , , , , , , , , ,3,1,1937,1,2,7,5,7,1,0
14001,2736,3,1, , , , , , , , , , , , ,2,2,1986,1,4,6,3,1,1,0
14003,2736,3,1, , , , , , , , , , , , ,3,1,1950,1,2,3,2,1,1,0
14004,2736,2,1, , , , , , , , , , , , ,2,1,1942,2,4,6,4,7,1,1
14005,2736,3,1, , , , , , , , , , , , ,2,1,1972,2,4,6,1,1,1,1
14006,2736,2,1, , , , , , , , , , , , ,2,1,1953,2,4,6,4,7,1,0
 , , , , , , , , , , , , , , , , , , , , , , , , ,1
14008,2736,2,2, , , , , , , , , , , , ,2,1,1952,1,1,7,4,1,1,1
 , , , , , , , , , , , , , , , , , , , , , , , , ,0
14010,2736,3,1, , , , , , , , , , , , ,3,1,1962,1,4,2,1,8,1,0
14002,2736,1,3,2,2,1,3,3,3,3,3,3,3,3,3, , ,1991,2,4,4,1,6,1,0
114017,5377,1,2,3,3,3,3,3,2,2,3,3,3,2,3, , ,1993,1,2,7,3,5,1,0
34020,3491,3,1, , , , , , , , , , , , ,2,1,1965,2,2,3,2,1,1,1
34019,3491,2,1, , , , , , , , , , , , ,2,2,1954,2,2,2,2,1,1,0
34018,3491,2,1, , , , , , , , , , , , ,2,1,1938,2,2,2,5,7,1,1
34016,3491,3,1, , , , , , , , , , , , ,3,1,1966,1,2,3,2,1,1,1
34014,3491,2,1, , , , , , , , , , , , ,1,1,1947,1,1,2,3,1,1,0
34015,3491,2,1, , , , , , , , , , , , ,3,1,1945,1,1,2,3,7,1,1
34010,3491,3,1, , , , , , , , , , , , ,2,1,1987,2,4,1,1,6,1,1
34011,3491,2,1, , , , , , , , , , , , ,2,2,1981,1,4,6,2,6,2,1
34013,3491,2,1, , , , , , , , , , , , ,3,2,1957,2,4,3,3,1,1,1
34012,3491,2,2, , , , , , , , , , , , ,3,1,1969,1,2,2,3,1,1,1
34009,3491,2,1, , , , , , , , , , , , ,2,1,1959,1,1,2,1,1,1,1
34008,3491,1,2,3,3,3,3,3,1,2,3,2,3,1,3, , ,1982,2,4,5,2,11,1,0
34007,3491,2,1, , , , , , , , , , , , ,2,1,1961,2,2,2,2,1,1,1
34006,3491,3,1, , , , , , , , , , , , ,3,2,1942,1,1,7,4,7,1,1
34005,3491,3,2, , , , , , , , , , , , ,3,2,1983,2,2,3,2,11,2,0
34004,3491,3,1, , , , , , , , , , , , ,3,1,1943,1,2,2,2,7,1,1
34003,3491,3,1, , , , , , , , , , , , ,2,1,1976,2,2,3,1,2,1,0
34002,3491,3,1, , , , , , , , , , , , ,2,2,1935,2,1,2,2,7,1,1
34001,3491,3,1, , , , , , , , , , , , ,3,2,1926,1,1,2,2,7,1,1
4026,841,1,2,3,2,3,3,3,2,1,2,1,1,1,2, , ,1980,1,2,3,3,6,2,0
4051,841,3,1, , , , , , , , , , , , ,3,1,1966,1,4,5,3,5,2,1
4025,841,1,2,2,1,3,3,3,1,1,1,1,1,1,1, , ,1960,2,2,2,2,1,1,1
4020,841,2,1, , , , , , , , , , , , ,3,2,1978,2,4,5,3,2,1,1
4019,841,3,1, , , , , , , , , , , , ,3,1,1945,1,2,3,2,7,1,1
4013,841,3,2, , , , , , , , , , , , ,3,2,1945,1,2,3,2,7,1,1
4015,841,2,1, , , , , , , , , , , , ,3,1,1971,1,2,3,2,3,2,1
4016,841,3,1, , , , , , , , , , , , ,2,1,1980,2,4,6,3,1,1,1
4017,841,2,2, , , , , , , , , , , , ,2,1,1957,2,4,5,3,1,1,0
4005,841,2,1, , , , , , , , , , , , ,3,1,1944,1,1,2,2,7,1,0
4044,841,2,1, , , , , , , , , , , , ,3,1,1948,2,1,7,5,2,1,1
4042,841,2,1, , , , , , , , , , , , ,3,2,1951,1,1,2,3,5,2,0
4043,841,2,1, , , , , , , , , , , , ,3,1,1947,2,1,2,4,8,1,0
4046,841,2,2, , , , , , , , , , , , ,2,1,1986,1,2,2,3,1,1,0
4035,841,2,1, , , , , , , , , , , , ,3,1,1945,1,1,3,2,7,1,0
4037,841,3,1, , , , , , , , , , , , ,2,1,1965,1,4,5,1,1,2,1
4038,841,2,1, , , , , , , , , , , , ,3,1,1952,1,1,4,2,2,1,1
4030,841,3,1, , , , , , , , , , , , ,3,1,1943,1,4,4,4,8,1,0
4031,841,3,1, , , , , , , , , , , , ,2,1,1972,2,3,2,3,8,1,1
4034,841,3,1, , , , , , , , , , , , ,2,2,1984,2,4,6,3,1,1,0
4006,841,3,1, , , , , , , , , , , , ,2,1,1969,2,2,2,2,1,2,1
4001,841,3,3, , , , , , , , , , , , ,1,1,1990,1,3,1,3,6,1,0
4003,841,3,1, , , , , , , , , , , , ,3,2,1953,2,1,2,1,5,2,1
4004,841,2,1, , , , , , , , , , , , ,2,1,1954,1,2,3,2,1,1,0
4002,841,2,1, , , , , , , , , , , , ,3,1,1956,2,2,2,5,8,1,1
4011,841,2,3, , , , , , , , , , , , ,3,2,1991,2,2,2,1,1,1,1
4009,841,2,2, , , , , , , , , , , , ,2,1,1950,2,1,7,1,2,1,0
4008,841,2,2, , , , , , , , , , , , ,3,2,1941,1,4,2,1,8,1,1
4007,841,2,1, , , , , , , , , , , , ,3,2,1950,2,1,2,4,8,1,0
4010,841,1,3,3,3,1,3,3,3,3,3,3,3,3,3, , ,1990,1,2,2,1,1,2,1
4021,841,2,1, , , , , , , , , , , , ,2,2,1974,1,2,2,3,5,2,0
4022,841,1,1,3,3,3,3,3,1,3,3,3,3,2,3, , ,1935,2,2,2,5,7,1,1
4023,841,2,1, , , , , , , , , , , , ,3,1,1943,1,2,3,2,8,1,1
4024,841,2,2, , , , , , , , , , , , ,2,1,1952,2,2,3,1,1,1,0
4049,841,1,2,1,1,3,3,3,2,1,1,1,1,1,3, , ,1960,1,1,2,1,8,1,1
4040,841,1,1,3,3,3,1,3,3,3,3,3,3,3,3, , ,1941,2,2,2,2,7,1,0
4028,841,2,1, , , , , , , , , , , , ,2,2,1948,1,4,7,2,1,1,1
4029,841,2,1, , , , , , , , , , , , ,3,2,1977,1,2,2,1,8,1,0
4041,841,3,1, , , , , , , , , , , , ,3,1,1946,2,1,2,4,7,1,0
4050,841,2,1, , , , , , , , , , , , ,2,1,1976,1,4,3,1,1,1,1
238009,5501,2,2, , , , , , , , , , , , ,3,1,1961,1,2,3,2,1,1,0
412010,5675,1,3,3,3,3,3,3,3,3,3,3,3,2,3, , ,1990,1,2,7,2,5,2,0
412009,5675,1,2,3,3,3,3,3,3,3,3,3,3,3,3, , ,1975,2,2,3,3,1,1,1
412008,5675,3,1, , , , , , , , , , , , ,1,2,1971,2,2,3,1,1,1,0
412007,5675,1,2,2,2,1,3,3,3,3,3,2,3,2,3, , ,1980,2,2,3,1,2,1,0
412006,5675,2,1, , , , , , , , , , , , ,1,1,1939,1,1,7,2,7,1,1
412004,5675,1,1,3,3,3,3,3,1,1,1,1,1,2,1, , ,1941,2,2,2,4,7,1,0
412003,5675,3,2, , , , , , , , , , , , ,1,2,1964,2,2,2,4,1,1,1
412002,5675,2,1, , , , , , , , , , , , ,3,1,1952,1,4,2,1,9,2,0
412001,5675,2,1, , , , , , , , , , , , ,2,2,1953,1,4,3,1,5,2,1
65009,4139,3,1, , , , , , , , , , , , ,3,1,1936,1,1,7,2,7,1,1
65008,4139,2,1, , , , , , , , , , , , ,3,1,1953,1,2,2,4,5,2,1
65002,4139,2,1, , , , , , , , , , , , ,2,1,1970,1,4,3,1,1,1,1
65004,4139,3,1, , , , , , , , , , , , ,2,2,1967,2,4,3,2,1,1,1
65001,4139,2,1, , , , , , , , , , , , ,3,1,1948,2,4,2,2,8,1,0
372001,5635,2,1, , , , , , , , , , , , ,4,2,1947,1,1,7,3,7,1,1
372002,5635,3,1, , , , , , , , , , , , ,1,1,1949,2,1,2,2,4,1,1
372003,5635,3,1, , , , , , , , , , , , ,3,2,1976,2,4,6,2,1,1,0
372004,5635,2,1, , , , , , , , , , , , ,3,1,1946,1,2,3,2,7,1,1
372005,5635,3,1, , , , , , , , , , , , ,2,2,1954,2,2,3,4,8,1,1
372006,5635,3,1, , , , , , , , , , , , ,3,1,1961,1,2,3,2,1,1,1
372007,5635,3,1, , , , , , , , , , , , ,2,2,1973,2,4,6,2,1,1,0
372008,5635,3,1, , , , , , , , , , , , ,3,1,1953,1,1,7,2,1,1,0
372009,5635,3,1, , , , , , , , , , , , ,1,2,1981,1,2,3,3,1,1,1
372010,5635,3,3, , , , , , , , , , , , ,2,1,1990,1,4,3,1,1,1,1
373004,5636,2,1, , , , , , , , , , , , ,3,1,1967,2,2,3,2,2,2,1
373003,5636,3,1, , , , , , , , , , , , ,2,1,1969,2,4,3,2,1,1,1
373005,5636,2,1, , , , , , , , , , , , ,2,1,1949,2,1,3,4,7,1,1
373006,5636,2,1, , , , , , , , , , , , ,3,1,1949,2,1,3,5,8,1,1
373007,5636,3,1, , , , , , , , , , , , ,1,1,1962,2,4,3,4,1,1,0
373008,5636,3,1, , , , , , , , , , , , ,3,2,1937,1,2,7,4,7,1,1
373009,5636,1,1,3,3,3,3,3,3,3,1,3,3,2,2, , ,1933,1,2,2,2,7,1,1
373010,5636,2,1, , , , , , , , , , , , ,3,1,1952,1,1,2,2,8,1,1
373011,5636,2,1, , , , , , , , , , , , ,3,1,1962,2,2,3,6,1,1,1
373012,5636,3,1, , , , , , , , , , , , ,1,1,1968,1,2,3,3,1,1,0
3001,502,2,1, , , , , , , , , , , , ,3,1,1936,1,2,2,4,7,1,1
3002,502,2,1, , , , , , , , , , , , ,2,2,1940,1,1,7,4,7,1,0
3003,502,2,8, , , , , , , , , , , , ,1,1,1988,2,4,7,1,6,1,1
3004,502,2,1, , , , , , , , , , , , ,3,2,1968,2,4,6,2,1,1,1
3005,502,2,1, , , , , , , , , , , , ,3,1,1940,1,1,7,2,2,1,0
3006,502,3,1, , , , , , , , , , , , ,4,2,1946,2,1,2,4,7,1,1
3007,502,1,1,3,3,1,3,3,2,3,3,3,3,3,3, , ,1979,1,4,7,2,11,1,1
 , , , , , , , , , , , , , , , , , , , , , , , , ,1
3008,502,2,1, , , , , , , , , , , , ,3,1,1966,1,2,3,2,1,1,0
3009,502,3,1, , , , , , , , , , , , ,4,2,1943,2,2,6,2,7,1,1
214020,5477,3,1, , , , , , , , , , , , ,2,2,1958,1,4,4,2,1,1,1
214019,5477,2,1, , , , , , , , , , , , ,2,1,1957,2,4,3,2,1,1,1
214010,5477,1,1,3,2,2,3,3,3,2,3,2,3,3,3, , ,1969,2,2,2,3,1,1,0
214009,5477,1,2,4,4,4,4,4,4,4,4,4,4,4,4, , ,1979,1,2,2,1,5,2,0
214014,5477,3,1, , , , , , , , , , , , ,3,1,1950,2,1,7,4,8,1,0
214013,5477,3,1, , , , , , , , , , , , ,3,1,1937,1,1,7,2,7,1,0
214012,5477,2,1, , , , , , , , , , , , ,3,2,1938,2,1,2,5,7,1,1
214015,5477,5,2, , , , , , , , , , , , , , ,1969,2,2,2,3,8,1,0
214021,5477,2,1, , , , , , , , , , , , ,3,1,1985,1,4,4,1,6,1,1
214005,5477,3,1, , , , , , , , , , , , ,2,2,1976,1,4,6,2,1,1,0
214004,5477,2,1, , , , , , , , , , , , ,4,1,1956,1,2,2,3,1,1,1
214006,5477,2,3, , , , , , , , , , , , ,2,2,1991,2,4,4,1,6,1,1
454001,5717,2,1, , , , , , , , , , , , ,3,1,1946,1,2,2,2,7,1,1
454002,5717,2,1, , , , , , , , , , , , ,4,1,1945,1,2,2,2,7,1,1
454003,5717,2,1, , , , , , , , , , , , ,2,2,1954,1,2,2,2,7,1,1
454005,5717,2,1, , , , , , , , , , , , ,3,2,1965,2,4,3,2,2,1,1
454006,5717,3,1, , , , , , , , , , , , ,3,1,1981,2,2,2,2,9,2,1
454009,5717,2,1, , , , , , , , , , , , ,3,2,1941,2,2,2,4,7,1,1
454010,5717,2,1, , , , , , , , , , , , ,2,2,1959,2,2,5,2,1,1,1
30020,3394,3,1, , , , , , , , , , , , ,1,2,1959,1,3,1,2,1,1,0
30017,3394,1,1,2,3,3,3,3,3,3,3,3,3,3,3, , ,1961,2,2,3,4,1,1,1
30016,3394,1,1,2,3,3,3,3,3,2,2,1,2,2,3, , ,1979,1,2,2,3,5,2,0
30013,3394,1,1,3,3,3,3,3,3,3,2,1,1,2,1, , ,1984,1,2,2,1,3,1,0
30012,3394,3,1, , , , , , , , , , , , ,1,2,1953,2,2,2,4,1,1,1
30011,3394,1,1,3,3,3,3,3,3,1,2,2,1,1,2, , ,1987,2,2,2,3,5,2,1
30007,3394,3,1, , , , , , , , , , , , ,3,2,1929,2,1,7,5,7,1,1
30006,3394,2,1, , , , , , , , , , , , ,1,1,1945,1,2,7,2,7,1,1
30005,3394,2,1, , , , , , , , , , , , ,3,2,1929,1,2,2,2,7,1,1
30004,3394,2,1, , , , , , , , , , , , ,3,2,1943,2,1,2,2,7,1,1
30003,3394,2,3, , , , , , , , , , , , ,3,1,1990,1,2,3,1,1,1,0
30002,3394,2,1, , , , , , , , , , , , ,3,1,1922,1,1,7,2,7,1,1
30001,3394,3,1, , , , , , , , , , , , ,3,2,1924,2,1,2,5,7,1,1
12014,2533,3,1, , , , , , , , , , , , ,1,2,1934,1,1,2,3,7,1,0
12012,2533,3,1, , , , , , , , , , , , ,2,1,1962,1,2,2,3,1,2,1
12010,2533,3,1, , , , , , , , , , , , ,2,1,1947,1,1,7,3,7,1,1
12009,2533,3,2, , , , , , , , , , , , ,3,2,1984,2,2,2,3,2,2,0
12008,2533,3,1, , , , , , , , , , , , ,3,2,1978,2,4,5,1,1,1,0
12007,2533,1,2,3,3,3,3,3,3,2,3,2,3,2,2, , ,1966,2,2,3,1,5,2,1
12006,2533,1,2,3,3,3,3,3,1,2,2,2,3,3,2, , ,1987,1,4,5,3,1,1,1
12004,2533,2,1, , , , , , , , , , , , ,2,2,1947,1,1,7,2,7,1,1
12003,2533,3,1, , , , , , , , , , , , ,1,1,1984,1,2,3,1,2,2,0
12002,2533,2,1, , , , , , , , , , , , ,3,1,1957,2,2,2,1,1,1,1
12013,2533,2,1, , , , , , , , , , , , ,3,2,1963,2,2,7,3,1,1,1
12025,2533,2,1, , , , , , , , , , , , ,3,2,1945,2,2,3,2,7,1,0
12022,2533,2,1, , , , , , , , , , , , ,3,2,1971,2,4,3,4,5,2,1
12018,2533,3,1, , , , , , , , , , , , ,2,1,1964,2,2,3,3,2,1,0
12026,2533,3,1, , , , , , , , , , , , ,2,1,1952,1,2,2,2,5,2,1
12029,2533,2,3, , , , , , , , , , , , ,3,2,1989,2,4,4,1,6,1,0
12031,2533,2,1, , , , , , , , , , , , ,3,2,1945,1,2,1,5,7,1,1
12028,2533,1,2,3,1,3,3,3,2,2,2,1,3,3,1, , ,1982,2,2,1,3,5,2,1
12027,2533,2,1, , , , , , , , , , , , ,3,2,1952,2,2,2,5,2,1,0
51019,3900,3,1, , , , , , , , , , , , ,2,2,1977,1,4,5,2,1,1,0
51020,3900,2,1, , , , , , , , , , , , ,3,2,1963,1,1,2,2,1,1,1
51018,3900,3,1, , , , , , , , , , , , ,1,2,1987,2,2,2,3,1,1,1
51017,3900,3,1, , , , , , , , , , , , ,3,1,1979,2,4,5,2,1,1,1
51016,3900,2,1, , , , , , , , , , , , ,3,1,1943,2,2,3,2,7,1,1
51015,3900,3,3, , , , , , , , , , , , ,3,1,1992,2,2,7,1,9,1,0
51014,3900,1,2,2,1,3,3,3,1,3,3,2,2,1,1, , ,1957,2,2,5,2,1,1,1
51013,3900,2,1, , , , , , , , , , , , ,2,1,1974,1,4,4,4,8,1,1
51012,3900,3,1, , , , , , , , , , , , ,1,1,1929,1,1,3,1,7,1,0
51011,3900,3,1, , , , , , , , , , , , ,2,1,1949,2,2,2,4,8,1,0
51010,3900,3,3, , , , , , , , , , , , ,2,2,1991,2,2,1,1,6,1,1
51009,3900,3,1, , , , , , , , , , , , ,3,1,1942,2,1,2,2,7,1,1
51008,3900,2,1, , , , , , , , , , , , ,3,2,1936,1,1,3,1,7,1,1
51007,3900,2,1, , , , , , , , , , , , ,2,1,1944,1,2,3,1,7,1,1
51006,3900,3,1, , , , , , , , , , , , ,2,1,1983,1,4,6,2,1,1,0
51005,3900,2,1, , , , , , , , , , , , ,3,1,1948,1,2,3,1,3,1,1
51002,3900,2,1, , , , , , , , , , , , ,2,1,1965,2,4,4,4,1,1,1
51003,3900,2,1, , , , , , , , , , , , ,2,1,1941,2,2,2,1,7,1,1
51004,3900,3,1, , , , , , , , , , , , ,1,1,1956,1,1,3,2,8,1,0
51001,3900,3,1, , , , , , , , , , , , ,3,2,1950,1,4,6,2,1,1,0
512006,5775,2,1, , , , , , , , , , , , ,3,2,1959,2,2,2,3,1,1,1
512008,5775,1,1,3,3,3,3,3,1,2,1,3,1,3,2, , ,1959,1,2,1,1,8,1,1
512010,5775,3,1, , , , , , , , , , , , ,2,2,1943,1,2,3,2,7,1,1
512002,5775,2,1, , , , , , , , , , , , ,3,1,1937,1,2,2,2,4,1,1
512007,5775,3,1, , , , , , , , , , , , ,3,1,1945,1,2,7,2,7,1,1
512005,5775,1,1,3,3,3,1,1,1,1,1,1,2,3,3, , ,1971,1,2,2,1,5,2,0
512001,5775,3,1, , , , , , , , , , , , ,3,1,1937,1,1,7,2,7,1,1
512004,5775,3,1, , , , , , , , , , , , ,3,2,1960,1,2,7,4,5,2,1
512003,5775,3,1, , , , , , , , , , , , ,3,2,1947,1,2,1,2,7,1,1
512009,5775,2,1, , , , , , , , , , , , ,3,2,1929,2,3,2,4,7,1,1
525005,5788,1,2,3,3,3,3,3,3,2,2,2,3,3,3, , ,1951,2,1,7,2,3,2,1
525009,5788,3,2, , , , , , , , , , , , ,2,2,1969,2,2,3,1,1,1,1
525010,5788,3,1, , , , , , , , , , , , ,3,1,1964,1,2,2,2,1,1,0
525008,5788,3,1, , , , , , , , , , , , ,3,1,1960,1,3,5,1,8,1,1
525003,5788,3,1, , , , , , , , , , , , ,2,1,1947,1,1,3,4,7,1,1
525001,5788,2,1, , , , , , , , , , , , ,3,1,1929,1,1,2,5,7,1,0
5025,2209,1,1,3,3,1,3,3,3,3,3,3,3,3,3, , ,1972,1,4,6,4,1,1,1
16015,2788,3,1, , , , , , , , , , , , ,1,1,1965,1,4,6,2,1,1,0
16016,2788,3,1, , , , , , , , , , , , ,3,1,1962,1,2,2,2,1,1,0
16020,2788,3,1, , , , , , , , , , , , ,2,2,1972,2,2,5,2,1,1,1
16019,2788,1,2,3,3,3,3,3,1,2,1,1,3,1,3, , ,1960,1,2,2,2,1,1,1
16018,2788,3,1, , , , , , , , , , , , ,2,1,1963,2,4,2,2,1,1,1
16011,2788,3,1, , , , , , , , , , , , ,2,2,1974,2,4,5,2,2,1,0
16010,2788,1,1,2,2,3,1,3,3,3,2,2,3,3,3, , ,1983,1,4,3,4,1,1,0
16009,2788,3,1, , , , , , , , , , , , ,3,2,1933,1,4,3,2,8,1,0
16008,2788,3,1, , , , , , , , , , , , ,3,2,1983,2,2,3,3,6,1,1
16007,2788,2,1, , , , , , , , , , , , ,2,2,1958,1,2,3,2,1,1,1
16002,2788,2,1, , , , , , , , , , , , ,3,1,1930,2,1,2,5,7,1,0
16012,2788,2,1, , , , , , , , , , , , ,2,2,1977,2,4,5,2,9,2,1
16005,2788,3,1, , , , , , , , , , , , ,2,1,1970,1,4,6,2,1,1,1
16003,2788,3,1, , , , , , , , , , , , ,2,1,1950,1,1,7,4,8,1,1
16001,2788,2,1, , , , , , , , , , , , ,3,1,1949,1,2,2,2,1,1,0
16014,2788,3,1, , , , , , , , , , , , ,2,2,1973,1,4,5,3,1,1,1
16017,2788,3,1, , , , , , , , , , , , ,2,1,1970,1,2,3,3,1,1,1
16013,2788,2,1, , , , , , , , , , , , ,2,2,1976,1,2,6,2,1,1,0
16004,2788,2,1, , , , , , , , , , , , ,3,1,1949,2,4,6,2,7,1,1
16006,2788,3,1, , , , , , , , , , , , ,2,1,1976,2,4,6,2,1,1,0
217031,5480,1,2,1,1,3,3,3,1,3,3,1,2,3,2, , ,1946,2,1,7,4,7,1,0
217032,5480,1,1,3,1,3,1,3,3,3,3,3,3,3,3, , ,1949,2,1,2,4,1,1,1
217033,5480,2,3, , , , , , , , , , , , ,2,1,1988,2,4,3,1,1,1,0
217034,5480,1,2,3,3,3,3,3,1,1,1,3,3,1,3, , ,1987,2,3,1,3,6,1,1
217035,5480,2,1, , , , , , , , , , , , ,2,2,1977,1,1,3,1,1,1,1
87036,5342,3,1, , , , , , , , , , , , ,3,2,1967,2,2,2,2,8,1,0
87035,5342,3,1, , , , , , , , , , , , ,2,2,1931,1,1,7,4,8,1,0
87034,5342,3,1, , , , , , , , , , , , ,2,2,1946,2,4,6,2,7,1,1
87033,5342,3,1, , , , , , , , , , , , ,2,1,1982,2,4,5,2,1,1,1
87032,5342,2,1, , , , , , , , , , , , ,2,2,1972,1,2,3,2,1,2,1
473015,228,3,1, , , , , , , , , , , , ,2,2,1952,2,2,2,4,5,2,1
473022,228,3,1, , , , , , , , , , , , ,4,1,1965,1,2,2,4,2,2,1
473021,228,3,1, , , , , , , , , , , , ,2,2,1963,2,4,6,2,1,1,1
473020,228,2,1, , , , , , , , , , , , ,2,2,1975,2,4,6,1,6,1,0
473019,228,2,1, , , , , , , , , , , , ,2,1,1954,1,4,6,4,1,1,1
473018,228,3,1, , , , , , , , , , , , ,3,1,1954,2,2,3,1,1,1,1
473017,228,2,1, , , , , , , , , , , , ,3,2,1939,1,4,6,2,7,1,0
473014,228,2,1, , , , , , , , , , , , ,2,1,1933,1,1,3,2,7,1,1
473013,228,3,1, , , , , , , , , , , , ,3,1,1961,2,4,6,4,1,1,1
473012,228,3,1, , , , , , , , , , , , ,3,2,1941,2,4,6,2,7,1,0
480023,2209,3,1, , , , , , , , , , , , ,2,1,1964,2,4,3,1,5,2,1
480033,2209,2,1, , , , , , , , , , , , ,2,2,1945,1,4,6,2,7,1,1
480032,2209,2,1, , , , , , , , , , , , ,3,2,1987,2,4,2,1,1,1,0
480030,2209,3,1, , , , , , , , , , , , ,3,1,1963,1,4,3,2,1,1,1
480028,2209,3,1, , , , , , , , , , , , ,2,2,1958,2,2,7,5,1,1,0
480027,2209,3,1, , , , , , , , , , , , ,3,1,1966,2,4,6,2,1,1,1
189097,3923,2,1, , , , , , , , , , , , ,2,1,1985,1,2,2,1,3,2,1
189096,3923,3,1, , , , , , , , , , , , ,2,1,1956,2,4,5,2,1,1,1
480025,2209,2,1, , , , , , , , , , , , ,2,1,1968,1,1,2,1,5,2,0
480029,2209,2,1, , , , , , , , , , , , ,3,1,1967,1,1,7,1,1,1,1
480026,2209,2,1, , , , , , , , , , , , ,3,2,1950,2,4,3,1,8,1,0
480022,2209,3,1, , , , , , , , , , , , ,3,1,1985,1,4,1,1,6,1,0
480021,2209,3,1, , , , , , , , , , , , ,3,1,1966,1,2,5,1,1,1,0
480020,2209,2,2, , , , , , , , , , , , ,4,1,1986,1,4,3,1,5,2,1
238010,5501,2,1, , , , , , , , , , , , ,3,2,1935,1,1,3,2,7,1,0
238003,5501,3,1, , , , , , , , , , , , ,3,2,1943,1,2,3,2,7,1,1
238001,5501,3,1, , , , , , , , , , , , ,3,1,1960,2,4,6,2,1,1,0
238002,5501,3,1, , , , , , , , , , , , ,3,2,1973,2,4,6,2,6,1,1
238004,5501,3,1, , , , , , , , , , , , ,4,2,1946,2,4,6,5,7,1,1
238005,5501,3,2, , , , , , , , , , , , ,1,1,1965,2,2,3,2,1,1,0
238006,5501,3,1, , , , , , , , , , , , ,2,1,1967,1,4,6,2,1,1,0
238007,5501,1,3,1,3,2,3,2,2,2,3,3,3,2,2, , ,1991,2,2,2,2,11,2,1
238008,5501,3,1, , , , , , , , , , , , ,3,3,1965,1,4,5,2,1,1,0
365019,5628,3,1, , , , , , , , , , , , ,1,2,1940,2,2,2,4,7,1,0
365020,5628,3,2, , , , , , , , , , , , ,2,2,1989,1,2,3,1,5,2,1
365025,5628,3,1, , , , , , , , , , , , ,3,1,1963,1,2,5,2,1,1,1
365027,5628,2,2, , , , , , , , , , , , ,3,1,1959,2,4,3,3,5,2,1
365022,5628,1,1,3,3,3,3,3,3,1,1,1,1,3,1, , ,1939,1,1,2,5,7,1,1
365026,5628,2,1, , , , , , , , , , , , ,2,1,1960,2,4,2,4,5,2,1
365029,5628,3,1, , , , , , , , , , , , ,2,2,1959,1,1,2,2,1,1,1
365030,5628,3,1, , , , , , , , , , , , ,2,1,1976,2,4,6,2,1,1,0
365031,5628,2,1, , , , , , , , , , , , ,2,1,1938,2,2,2,5,7,1,1
512011,5775,3,1, , , , , , , , , , , , ,3,1,1932,1,1,1,2,7,1,1
512013,5775,2,1, , , , , , , , , , , , ,1,1,1963,2,2,2,2,1,1,1
512014,5775,3,1, , , , , , , , , , , , ,1,1,1959,1,1,3,4,8,1,0
512015,5775,2,1, , , , , , , , , , , , ,3,1,1953,1,2,3,2,8,1,1
512016,5775,1,2,2,2,3,3,3,1,2,2,2,3,2,2, , ,1937,2,1,7,5,7,1,1
480018,2209,3,1, , , , , , , , , , , , ,2,1,1980,2,4,3,1,1,1,1
480036,2209,3,1, , , , , , , , , , , , ,3,2,1984,2,1,1,2,6,2,0
 , , , , , , , , , , , , , , , , , , , , , , , , ,1
480034,2209,3,2, , , , , , , , , , , , ,3,1,1974,2,4,2,1,5,2,0
189095,3923,3,1, , , , , , , , , , , , ,3,2,1987,2,4,5,1,1,1,1
189094,3923,3,1, , , , , , , , , , , , ,1,2,1975,1,4,5,2,1,1,1
189093,3923,2,1, , , , , , , , , , , , ,3,1,1945,2,4,4,2,1,1,0
189092,3923,1,1,3,3,3,3,3,2,1,1,1,1,2,2, , ,1983,2,2,2,1,1,1,0
189091,3923,3,1, , , , , , , , , , , , ,3,1,1943,2,2,2,2,7,1,0
480031,2209,3,1, , , , , , , , , , , , ,2,1,1946,1,2,2,4,8,1,1
480017,2209,3,1, , , , , , , , , , , , ,2,1,1978,2,4,6,1,1,1,1
 , , , , , , , , , , , , , , , , , , , , , , , , ,0
480015,2209,2,1, , , , , , , , , , , , ,2,2,1943,1,4,3,2,7,1,1
480014,2209,2,1, , , , , , , , , , , , ,2,1,1979,1,4,6,1,1,1,1
480008,2209,3,3, , , , , , , , , , , , ,3,2,1990,1,4,1,1,6,2,1
512012,5775,3,2, , , , , , , , , , , , ,1,1,1985,1,4,7,1,5,2,1
4056,841,1,1,3,3,3,1,3,3,3,3,3,3,3,3, , ,1981,1,4,5,1,1,1,1
4054,841,4,1, , , , , , , , , , , , , , ,1942,2,1,7,3,7,1,1
4052,841,2,1, , , , , , , , , , , , ,3,1,1940,2,2,3,4,8,1,1
4058,841,1,2,2,2,3,3,3,3,3,3,3,3,3,3, , ,1982,1,4,7,1,6,1,1
521002,5784,2,1, , , , , , , , , , , , ,3,2,1992,2,2,2,2,1,1,1
197001,5460,3,1, , , , , , , , , , , , ,3,2,1969,2,2,2,2,8,1,1
197002,5460,2,1, , , , , , , , , , , , ,3,1,1942,2,4,3,2,7,1,0
197003,5460,1,1,3,3,3,3,3,3,3,2,2,3,2,3, , ,1979,2,2,2,2,5,2,0
197004,5460,3,1, , , , , , , , , , , , ,3,1,1985,2,4,5,1,6,1,1
197005,5460,2,1, , , , , , , , , , , , ,3,2,1966,1,4,3,2,1,1,1
197006,5460,2,1, , , , , , , , , , , , ,3,2,1943,1,2,3,2,7,1,0
197007,5460,2,1, , , , , , , , , , , , ,2,1,1943,2,4,4,1,7,1,1
197008,5460,2,1, , , , , , , , , , , , ,3,2,1926,1,4,6,4,7,1,1
197009,5460,1,2,2,2,3,3,3,3,3,3,2,3,2,3, , ,1982,1,2,3,3,2,1,1
197010,5460,3,1, , , , , , , , , , , , ,3,1,1980,1,4,6,2,1,1,1
197012,5460,3,1, , , , , , , , , , , , ,3,1,1920,1,1,2,2,7,1,0
197013,5460,3,1, , , , , , , , , , , , ,3,2,1945,2,4,6,4,7,1,1
197014,5460,2,1, , , , , , , , , , , , ,3,2,1964,1,2,2,3,1,1,0
197015,5460,3,1, , , , , , , , , , , , ,3,2,1946,2,2,3,2,7,1,1
197016,5460,3,1, , , , , , , , , , , , ,3,1,1977,1,2,3,2,1,1,0
197018,5460,3,1, , , , , , , , , , , , ,3,2,1965,2,2,2,2,4,1,0
197020,5460,2,1, , , , , , , , , , , , ,3,2,1949,1,2,3,2,1,1,1
197021,5460,3,1, , , , , , , , , , , , ,3,2,1965,2,4,5,2,8,1,0
197022,5460,3,1, , , , , , , , , , , , ,3,2,1966,2,4,6,3,2,1,0
197023,5460,2,1, , , , , , , , , , , , ,3,1,1942,2,1,2,2,7,1,1
197024,5460,3,1, , , , , , , , , , , , ,2,2,1972,2,2,3,2,1,1,1
197026,5460,3,1, , , , , , , , , , , , ,4,1,1944,1,2,7,2,7,1,1
197028,5460,3,1, , , , , , , , , , , , ,3,1,1970,1,2,5,2,1,1,0
197029,5460,3,1, , , , , , , , , , , , ,3,1,1961,2,2,3,3,2,1,1
197030,5460,2,1, , , , , , , , , , , , ,3,2,1939,2,4,3,3,7,1,0
197031,5460,3,1, , , , , , , , , , , , ,3,1,1969,1,4,6,2,1,1,1
197032,5460,2,3, , , , , , , , , , , , ,3,1,1992,2,4,7,1,2,2,1
197034,5460,2,3, , , , , , , , , , , , ,2,1,1989,1,4,6,1,6,1,1
197035,5460,3,1, , , , , , , , , , , , ,3,1,1933,1,1,3,2,7,1,1
197036,5460,2,1, , , , , , , , , , , , ,3,1,1945,1,4,4,2,2,1,0
197037,5460,2,1, , , , , , , , , , , , ,2,1,1934,1,1,2,2,7,1,0
197038,5460,3,1, , , , , , , , , , , , ,2,1,1941,1,2,5,2,7,1,1
197040,5460,1,1,1,2,3,3,3,2,3,3,2,3,3,3, , ,1986,2,2,3,3,2,1,0
189012,5452,3,2, , , , , , , , , , , , ,1,1,1991,1,2,2,3,1,1,1
189014,5452,3,1, , , , , , , , , , , , ,3,1,1923,1,2,2,5,7,1,1
189016,5452,2,1, , , , , , , , , , , , ,1,1,1956,1,2,3,2,2,1,1
189020,5452,2,8, , , , , , , , , , , , ,3,1,1978,2,4,5,2,1,1,1
189022,5452,1,1,3,3,3,3,3,3,3,3,3,3,3,3, , ,1955,2,4,3,4,1,1,0
189023,5452,3,2, , , , , , , , , , , , ,3,1,1979,1,2,5,2,1,1,1
189024,5452,2,1, , , , , , , , , , , , ,2,1,1977,2,4,6,1,1,1,0
189034,5452,6,2, , , , , , , , , , , , , , ,1983,2,4,6,3,1,1,0
189028,5452,2,1, , , , , , , , , , , , ,3,2,1935,2,4,3,5,7,1,1
189026,5452,2,1, , , , , , , , , , , , ,3,1,1983,2,4,6,2,6,1,1
189025,5452,6,1, , , , , , , , , , , , , , ,1955,2,4,5,4,1,1,1
189035,5452,6,1, , , , , , , , , , , , , , ,1941,2,2,2,4,7,1,1
189032,5452,2,1, , , , , , , , , , , , ,3,1,1948,2,4,3,2,3,1,1
189030,5452,3,1, , , , , , , , , , , , ,2,2,1978,2,4,3,1,3,1,1
 , , , , , , , , , , , , , , , , , , , , , , , , ,1
189011,5452,3,1, , , , , , , , , , , , ,4,2,1940,1,1,7,2,7,1,1
 , , , , , , , , , , , , , , , , , , , , , , , , ,0
189010,5452,3,1, , , , , , , , , , , , ,3,1,1963,1,1,2,1,1,1,0
189008,5452,2,8, , , , , , , , , , , , ,2,2,1945,1,2,7,4,7,1,1
189013,5452,3,1, , , , , , , , , , , , ,3,2,1966,2,2,3,3,1,1,1
189006,5452,3,1, , , , , , , , , , , , ,3,2,1927,1,1,2,2,7,1,0
189003,5452,2,1, , , , , , , , , , , , ,2,1,1947,2,2,3,1,7,1,0
189005,5452,2,1, , , , , , , , , , , , ,3,2,1923,2,1,7,5,7,1,1
189004,5452,3,7, , , , , , , , , , , , ,2,1,1981,1,4,5,1,8,1,1
189033,5452,3,1, , , , , , , , , , , , ,3,2,1983,1,4,6,3,3,2,1
189031,5452,3,1, , , , , , , , , , , , ,2,1,1975,1,4,3,2,1,1,1
189021,5452,2,2, , , , , , , , , , , , ,3,2,1945,2,2,1,4,7,1,0
 , , , , , , , , , , , , , , , , , , , , , , , , ,0
 , , , , , , , , , , , , , , , , , , , , , , , , ,0
 , , , , , , , , , , , , , , , , , , , , , , , , ,0
 , , , , , , , , , , , , , , , , , , , , , , , , ,0
 , , , , , , , , , , , , , , , , , , , , , , , , ,0
